/*
Navicat MySQL Data Transfer

Source Server         : lavaral
Source Server Version : 50727
Source Host           : localhost:33060
Source Database       : larabbs

Target Server Type    : MYSQL
Target Server Version : 50727
File Encoding         : 65001

Date: 2021-04-12 11:50:01
*/

SET FOREIGN_KEY_CHECKS=0;

-- ----------------------------
-- Table structure for categories
-- ----------------------------
DROP TABLE IF EXISTS `categories`;
CREATE TABLE `categories` (
  `id` int(10) unsigned NOT NULL AUTO_INCREMENT,
  `name` varchar(255) COLLATE utf8mb4_unicode_ci NOT NULL COMMENT '名称',
  `description` text COLLATE utf8mb4_unicode_ci COMMENT '描述',
  `post_count` int(11) NOT NULL DEFAULT '0' COMMENT '帖子数',
  PRIMARY KEY (`id`),
  KEY `categories_name_index` (`name`)
) ENGINE=InnoDB AUTO_INCREMENT=5 DEFAULT CHARSET=utf8mb4 COLLATE=utf8mb4_unicode_ci;

-- ----------------------------
-- Records of categories
-- ----------------------------
INSERT INTO `categories` VALUES ('1', '分享', '分享创造，分享发现', '0');
INSERT INTO `categories` VALUES ('2', '教程', '开发技巧、推荐扩展包等', '0');
INSERT INTO `categories` VALUES ('3', '问答', '请保持友善，互帮互助', '0');
INSERT INTO `categories` VALUES ('4', '公告', '站点公告', '0');

-- ----------------------------
-- Table structure for failed_jobs
-- ----------------------------
DROP TABLE IF EXISTS `failed_jobs`;
CREATE TABLE `failed_jobs` (
  `id` bigint(20) unsigned NOT NULL AUTO_INCREMENT,
  `connection` text COLLATE utf8mb4_unicode_ci NOT NULL,
  `queue` text COLLATE utf8mb4_unicode_ci NOT NULL,
  `payload` longtext COLLATE utf8mb4_unicode_ci NOT NULL,
  `exception` longtext COLLATE utf8mb4_unicode_ci NOT NULL,
  `failed_at` timestamp NOT NULL DEFAULT CURRENT_TIMESTAMP,
  PRIMARY KEY (`id`)
) ENGINE=InnoDB DEFAULT CHARSET=utf8mb4 COLLATE=utf8mb4_unicode_ci;

-- ----------------------------
-- Records of failed_jobs
-- ----------------------------

-- ----------------------------
-- Table structure for links
-- ----------------------------
DROP TABLE IF EXISTS `links`;
CREATE TABLE `links` (
  `id` int(10) unsigned NOT NULL AUTO_INCREMENT,
  `title` varchar(255) COLLATE utf8mb4_unicode_ci NOT NULL COMMENT '资源的描述',
  `link` varchar(255) COLLATE utf8mb4_unicode_ci NOT NULL COMMENT '资源的链接',
  `created_at` timestamp NULL DEFAULT NULL,
  `updated_at` timestamp NULL DEFAULT NULL,
  PRIMARY KEY (`id`),
  KEY `links_title_index` (`title`),
  KEY `links_link_index` (`link`)
) ENGINE=InnoDB AUTO_INCREMENT=7 DEFAULT CHARSET=utf8mb4 COLLATE=utf8mb4_unicode_ci;

-- ----------------------------
-- Records of links
-- ----------------------------
INSERT INTO `links` VALUES ('1', 'Nico Feeney', 'https://rau.com/reprehenderit-doloribus-magnam-reiciendis-quasi-placeat-et.html', null, null);
INSERT INTO `links` VALUES ('2', 'Mr. Herman Dickinson', 'http://www.stamm.info/nulla-voluptas-sapiente-harum-velit-est-et.html', null, null);
INSERT INTO `links` VALUES ('3', 'Prof. Alejandrin Ankunding III', 'http://green.com/dolor-quibusdam-dicta-rerum-iste-exercitationem', null, null);
INSERT INTO `links` VALUES ('4', 'Lowell Schultz', 'https://www.gutkowski.net/aspernatur-nisi-rerum-alias-consequatur-vitae-cum', null, null);
INSERT INTO `links` VALUES ('5', 'Ms. Araceli Stanton III', 'http://www.abbott.com/aperiam-suscipit-aut-ut-ratione-consequatur-dolorem.html', null, null);
INSERT INTO `links` VALUES ('6', 'Elisa 1111111111', 'http://www.fisher.org/', null, '2021-04-10 18:05:27');

-- ----------------------------
-- Table structure for migrations
-- ----------------------------
DROP TABLE IF EXISTS `migrations`;
CREATE TABLE `migrations` (
  `id` int(10) unsigned NOT NULL AUTO_INCREMENT,
  `migration` varchar(255) COLLATE utf8mb4_unicode_ci NOT NULL,
  `batch` int(11) NOT NULL,
  PRIMARY KEY (`id`)
) ENGINE=InnoDB AUTO_INCREMENT=165 DEFAULT CHARSET=utf8mb4 COLLATE=utf8mb4_unicode_ci;

-- ----------------------------
-- Records of migrations
-- ----------------------------
INSERT INTO `migrations` VALUES ('150', '2014_10_12_000000_create_users_table', '1');
INSERT INTO `migrations` VALUES ('151', '2014_10_12_100000_create_password_resets_table', '1');
INSERT INTO `migrations` VALUES ('152', '2019_08_19_000000_create_failed_jobs_table', '1');
INSERT INTO `migrations` VALUES ('153', '2021_04_02_101205_add_avatar_and_introduction_to_users_table', '1');
INSERT INTO `migrations` VALUES ('154', '2021_04_08_100240_create_categories_table', '1');
INSERT INTO `migrations` VALUES ('155', '2021_04_08_101307_seed_categories_data', '1');
INSERT INTO `migrations` VALUES ('156', '2021_04_08_103829_create_topics_table', '1');
INSERT INTO `migrations` VALUES ('157', '2021_04_09_150327_create_replies_table', '1');
INSERT INTO `migrations` VALUES ('158', '2021_04_09_164950_create_notifications_table', '1');
INSERT INTO `migrations` VALUES ('159', '2021_04_09_165450_add_notification_count_to_users_table', '1');
INSERT INTO `migrations` VALUES ('160', '2021_04_10_133503_create_permission_tables', '1');
INSERT INTO `migrations` VALUES ('161', '2021_04_10_134546_seed_roles_and_permissions_data', '1');
INSERT INTO `migrations` VALUES ('162', '2021_04_10_171929_create_links_table', '1');
INSERT INTO `migrations` VALUES ('163', '2021_04_12_101929_add_references', '2');
INSERT INTO `migrations` VALUES ('164', '2021_04_12_105510_add_last_actived_at_to_users_table', '3');

-- ----------------------------
-- Table structure for model_has_permissions
-- ----------------------------
DROP TABLE IF EXISTS `model_has_permissions`;
CREATE TABLE `model_has_permissions` (
  `permission_id` bigint(20) unsigned NOT NULL,
  `model_type` varchar(255) COLLATE utf8mb4_unicode_ci NOT NULL,
  `model_id` bigint(20) unsigned NOT NULL,
  PRIMARY KEY (`permission_id`,`model_id`,`model_type`),
  KEY `model_has_permissions_model_id_model_type_index` (`model_id`,`model_type`),
  CONSTRAINT `model_has_permissions_permission_id_foreign` FOREIGN KEY (`permission_id`) REFERENCES `permissions` (`id`) ON DELETE CASCADE
) ENGINE=InnoDB DEFAULT CHARSET=utf8mb4 COLLATE=utf8mb4_unicode_ci;

-- ----------------------------
-- Records of model_has_permissions
-- ----------------------------

-- ----------------------------
-- Table structure for model_has_roles
-- ----------------------------
DROP TABLE IF EXISTS `model_has_roles`;
CREATE TABLE `model_has_roles` (
  `role_id` bigint(20) unsigned NOT NULL,
  `model_type` varchar(255) COLLATE utf8mb4_unicode_ci NOT NULL,
  `model_id` bigint(20) unsigned NOT NULL,
  PRIMARY KEY (`role_id`,`model_id`,`model_type`),
  KEY `model_has_roles_model_id_model_type_index` (`model_id`,`model_type`),
  CONSTRAINT `model_has_roles_role_id_foreign` FOREIGN KEY (`role_id`) REFERENCES `roles` (`id`) ON DELETE CASCADE
) ENGINE=InnoDB DEFAULT CHARSET=utf8mb4 COLLATE=utf8mb4_unicode_ci;

-- ----------------------------
-- Records of model_has_roles
-- ----------------------------
INSERT INTO `model_has_roles` VALUES ('1', 'App\\Models\\User', '1');
INSERT INTO `model_has_roles` VALUES ('2', 'App\\Models\\User', '2');

-- ----------------------------
-- Table structure for notifications
-- ----------------------------
DROP TABLE IF EXISTS `notifications`;
CREATE TABLE `notifications` (
  `id` char(36) COLLATE utf8mb4_unicode_ci NOT NULL,
  `type` varchar(255) COLLATE utf8mb4_unicode_ci NOT NULL,
  `notifiable_type` varchar(255) COLLATE utf8mb4_unicode_ci NOT NULL,
  `notifiable_id` bigint(20) unsigned NOT NULL,
  `data` text COLLATE utf8mb4_unicode_ci NOT NULL,
  `read_at` timestamp NULL DEFAULT NULL,
  `created_at` timestamp NULL DEFAULT NULL,
  `updated_at` timestamp NULL DEFAULT NULL,
  PRIMARY KEY (`id`),
  KEY `notifications_notifiable_type_notifiable_id_index` (`notifiable_type`,`notifiable_id`)
) ENGINE=InnoDB DEFAULT CHARSET=utf8mb4 COLLATE=utf8mb4_unicode_ci;

-- ----------------------------
-- Records of notifications
-- ----------------------------

-- ----------------------------
-- Table structure for password_resets
-- ----------------------------
DROP TABLE IF EXISTS `password_resets`;
CREATE TABLE `password_resets` (
  `email` varchar(255) COLLATE utf8mb4_unicode_ci NOT NULL,
  `token` varchar(255) COLLATE utf8mb4_unicode_ci NOT NULL,
  `created_at` timestamp NULL DEFAULT NULL,
  KEY `password_resets_email_index` (`email`)
) ENGINE=InnoDB DEFAULT CHARSET=utf8mb4 COLLATE=utf8mb4_unicode_ci;

-- ----------------------------
-- Records of password_resets
-- ----------------------------

-- ----------------------------
-- Table structure for permissions
-- ----------------------------
DROP TABLE IF EXISTS `permissions`;
CREATE TABLE `permissions` (
  `id` bigint(20) unsigned NOT NULL AUTO_INCREMENT,
  `name` varchar(255) COLLATE utf8mb4_unicode_ci NOT NULL,
  `guard_name` varchar(255) COLLATE utf8mb4_unicode_ci NOT NULL,
  `created_at` timestamp NULL DEFAULT NULL,
  `updated_at` timestamp NULL DEFAULT NULL,
  PRIMARY KEY (`id`)
) ENGINE=InnoDB AUTO_INCREMENT=4 DEFAULT CHARSET=utf8mb4 COLLATE=utf8mb4_unicode_ci;

-- ----------------------------
-- Records of permissions
-- ----------------------------
INSERT INTO `permissions` VALUES ('1', 'manage_contents', 'web', '2021-04-10 17:23:43', '2021-04-10 17:23:43');
INSERT INTO `permissions` VALUES ('2', 'manage_users', 'web', '2021-04-10 17:23:43', '2021-04-10 17:23:43');
INSERT INTO `permissions` VALUES ('3', 'edit_settings', 'web', '2021-04-10 17:23:43', '2021-04-10 17:23:43');

-- ----------------------------
-- Table structure for replies
-- ----------------------------
DROP TABLE IF EXISTS `replies`;
CREATE TABLE `replies` (
  `id` int(10) unsigned NOT NULL AUTO_INCREMENT,
  `topic_id` int(10) unsigned NOT NULL DEFAULT '0',
  `user_id` bigint(20) unsigned NOT NULL DEFAULT '0',
  `content` text COLLATE utf8mb4_unicode_ci NOT NULL,
  `created_at` timestamp NULL DEFAULT NULL,
  `updated_at` timestamp NULL DEFAULT NULL,
  PRIMARY KEY (`id`),
  KEY `replies_topic_id_index` (`topic_id`),
  KEY `replies_user_id_index` (`user_id`),
  CONSTRAINT `replies_topic_id_foreign` FOREIGN KEY (`topic_id`) REFERENCES `topics` (`id`) ON DELETE CASCADE,
  CONSTRAINT `replies_user_id_foreign` FOREIGN KEY (`user_id`) REFERENCES `users` (`id`) ON DELETE CASCADE
) ENGINE=InnoDB AUTO_INCREMENT=1001 DEFAULT CHARSET=utf8mb4 COLLATE=utf8mb4_unicode_ci;

-- ----------------------------
-- Records of replies
-- ----------------------------
INSERT INTO `replies` VALUES ('2', '79', '9', 'Vitae totam dolor vero qui nisi occaecati.', '2021-04-09 17:24:36', '2021-04-09 17:24:36');
INSERT INTO `replies` VALUES ('4', '28', '5', 'Beatae porro itaque molestiae quos atque.', '2021-03-14 16:56:54', '2021-03-14 16:56:54');
INSERT INTO `replies` VALUES ('5', '44', '9', 'Enim voluptas sint et ullam in non.', '2021-04-02 00:05:02', '2021-04-02 00:05:02');
INSERT INTO `replies` VALUES ('6', '93', '9', 'Velit quo magnam fuga omnis repudiandae in ipsam ipsa.', '2021-03-16 01:04:40', '2021-03-16 01:04:40');
INSERT INTO `replies` VALUES ('7', '72', '9', 'Inventore dolores at nostrum neque.', '2021-04-06 14:24:40', '2021-04-06 14:24:40');
INSERT INTO `replies` VALUES ('8', '50', '2', 'Cum voluptate molestiae sit non.', '2021-03-24 16:22:14', '2021-03-24 16:22:14');
INSERT INTO `replies` VALUES ('9', '47', '7', 'Illum sed et eaque illum.', '2021-04-03 03:32:01', '2021-04-03 03:32:01');
INSERT INTO `replies` VALUES ('10', '3', '3', 'Rem doloremque provident est et doloremque officia.', '2021-03-27 13:33:57', '2021-03-27 13:33:57');
INSERT INTO `replies` VALUES ('11', '20', '3', 'Quo doloribus numquam nobis quaerat aliquid nihil nulla.', '2021-03-22 20:52:31', '2021-03-22 20:52:31');
INSERT INTO `replies` VALUES ('12', '68', '2', 'Laboriosam necessitatibus omnis corrupti dignissimos velit alias.', '2021-03-14 12:35:22', '2021-03-14 12:35:22');
INSERT INTO `replies` VALUES ('13', '16', '3', 'Eum corporis dolor soluta id eos voluptas.', '2021-03-24 09:59:49', '2021-03-24 09:59:49');
INSERT INTO `replies` VALUES ('14', '43', '7', 'Itaque ut modi nisi.', '2021-03-15 02:10:18', '2021-03-15 02:10:18');
INSERT INTO `replies` VALUES ('15', '55', '8', 'Magni qui quidem saepe deserunt ut non consequatur.', '2021-03-25 09:28:39', '2021-03-25 09:28:39');
INSERT INTO `replies` VALUES ('16', '41', '2', 'Eos repellat aut neque ex rerum error.', '2021-04-08 09:10:55', '2021-04-08 09:10:55');
INSERT INTO `replies` VALUES ('17', '54', '4', 'Voluptas aliquam est atque ipsum quibusdam ipsa quaerat animi.', '2021-04-07 05:42:18', '2021-04-07 05:42:18');
INSERT INTO `replies` VALUES ('18', '61', '8', 'Temporibus quidem et rerum qui omnis.', '2021-03-12 11:59:31', '2021-03-12 11:59:31');
INSERT INTO `replies` VALUES ('20', '63', '8', 'Et aperiam aperiam quis quos nisi commodi.', '2021-03-18 00:54:24', '2021-03-18 00:54:24');
INSERT INTO `replies` VALUES ('21', '16', '2', 'Placeat distinctio sunt laboriosam distinctio dolore.', '2021-03-29 17:19:05', '2021-03-29 17:19:05');
INSERT INTO `replies` VALUES ('22', '49', '4', 'Natus fuga pariatur ex nulla.', '2021-03-12 21:31:02', '2021-03-12 21:31:02');
INSERT INTO `replies` VALUES ('24', '27', '1', 'Quo iste aut distinctio deserunt nostrum.', '2021-03-17 15:20:48', '2021-03-17 15:20:48');
INSERT INTO `replies` VALUES ('25', '44', '7', 'Consequatur et dolorem quia optio sequi et.', '2021-03-18 06:29:20', '2021-03-18 06:29:20');
INSERT INTO `replies` VALUES ('26', '64', '2', 'Dolorum neque omnis ut quae qui vitae quisquam.', '2021-03-16 00:02:05', '2021-03-16 00:02:05');
INSERT INTO `replies` VALUES ('27', '100', '5', 'Suscipit sunt perferendis qui molestiae.', '2021-04-03 06:10:34', '2021-04-03 06:10:34');
INSERT INTO `replies` VALUES ('28', '50', '1', 'In recusandae quo eligendi sunt error blanditiis atque.', '2021-03-28 03:35:56', '2021-03-28 03:35:56');
INSERT INTO `replies` VALUES ('29', '69', '8', 'Sunt amet dolores distinctio voluptatem.', '2021-04-01 20:26:26', '2021-04-01 20:26:26');
INSERT INTO `replies` VALUES ('30', '7', '4', 'Quia culpa doloribus quibusdam atque fuga.', '2021-04-08 11:02:24', '2021-04-08 11:02:24');
INSERT INTO `replies` VALUES ('31', '38', '6', 'Aut cumque magnam nostrum quia et.', '2021-03-12 00:16:29', '2021-03-12 00:16:29');
INSERT INTO `replies` VALUES ('32', '8', '3', 'Asperiores modi repellat dolorem fugit.', '2021-03-31 16:11:22', '2021-03-31 16:11:22');
INSERT INTO `replies` VALUES ('36', '87', '7', 'Iure quis deleniti blanditiis autem magnam voluptas vitae.', '2021-04-06 05:33:19', '2021-04-06 05:33:19');
INSERT INTO `replies` VALUES ('37', '3', '1', 'Repudiandae quia quas nihil eum commodi odio et.', '2021-03-23 23:05:33', '2021-03-23 23:05:33');
INSERT INTO `replies` VALUES ('38', '46', '1', 'Vitae ad rerum accusamus veniam blanditiis.', '2021-03-17 10:08:06', '2021-03-17 10:08:06');
INSERT INTO `replies` VALUES ('39', '93', '6', 'Deserunt dicta quam ipsa quidem aspernatur voluptatibus.', '2021-04-03 10:56:13', '2021-04-03 10:56:13');
INSERT INTO `replies` VALUES ('40', '25', '1', 'Quae minima delectus non doloremque doloremque sunt quas quaerat.', '2021-03-18 00:05:00', '2021-03-18 00:05:00');
INSERT INTO `replies` VALUES ('41', '26', '3', 'Ex earum dolorum aspernatur impedit dolore voluptatem.', '2021-04-05 04:36:32', '2021-04-05 04:36:32');
INSERT INTO `replies` VALUES ('42', '41', '4', 'Id id dolores velit id consequuntur.', '2021-03-16 14:43:22', '2021-03-16 14:43:22');
INSERT INTO `replies` VALUES ('43', '42', '4', 'Odit accusamus quasi non sequi ad error.', '2021-04-02 12:55:19', '2021-04-02 12:55:19');
INSERT INTO `replies` VALUES ('44', '53', '1', 'Quia voluptas modi nesciunt unde.', '2021-03-27 15:11:15', '2021-03-27 15:11:15');
INSERT INTO `replies` VALUES ('45', '34', '1', 'Non eos maiores eaque nulla temporibus ab fugit.', '2021-03-31 11:59:41', '2021-03-31 11:59:41');
INSERT INTO `replies` VALUES ('46', '42', '2', 'Sit nemo repudiandae impedit animi qui.', '2021-03-17 02:10:49', '2021-03-17 02:10:49');
INSERT INTO `replies` VALUES ('47', '23', '7', 'Repellat ut maiores provident qui libero.', '2021-03-22 08:26:42', '2021-03-22 08:26:42');
INSERT INTO `replies` VALUES ('48', '83', '7', 'Eos et quae dolore et autem rerum et.', '2021-03-27 08:21:17', '2021-03-27 08:21:17');
INSERT INTO `replies` VALUES ('49', '66', '6', 'Laborum tenetur rerum est voluptas voluptates.', '2021-03-21 10:19:48', '2021-03-21 10:19:48');
INSERT INTO `replies` VALUES ('50', '32', '9', 'Perspiciatis dolores repellat omnis dignissimos unde asperiores itaque.', '2021-03-15 16:26:57', '2021-03-15 16:26:57');
INSERT INTO `replies` VALUES ('51', '11', '3', 'Nulla nihil fuga et sed nesciunt.', '2021-04-03 11:04:28', '2021-04-03 11:04:28');
INSERT INTO `replies` VALUES ('52', '71', '4', 'Incidunt accusantium eos qui deleniti fugiat quia aut.', '2021-03-26 16:04:00', '2021-03-26 16:04:00');
INSERT INTO `replies` VALUES ('53', '83', '9', 'Quo voluptatem voluptatem ab magnam corporis cupiditate sit quasi.', '2021-04-04 02:05:32', '2021-04-04 02:05:32');
INSERT INTO `replies` VALUES ('54', '62', '1', 'Quia quia porro dolorum ipsa vero in.', '2021-03-26 09:16:43', '2021-03-26 09:16:43');
INSERT INTO `replies` VALUES ('55', '55', '8', 'Nihil maxime possimus est et.', '2021-03-25 15:38:44', '2021-03-25 15:38:44');
INSERT INTO `replies` VALUES ('56', '40', '6', 'Et sed vitae consequatur aut.', '2021-03-25 21:08:34', '2021-03-25 21:08:34');
INSERT INTO `replies` VALUES ('57', '90', '5', 'Consectetur sequi error voluptatem voluptatibus iure nihil et.', '2021-03-20 04:54:05', '2021-03-20 04:54:05');
INSERT INTO `replies` VALUES ('58', '57', '4', 'Tempore quia cupiditate laudantium.', '2021-03-28 22:56:18', '2021-03-28 22:56:18');
INSERT INTO `replies` VALUES ('59', '83', '7', 'Ut doloribus beatae pariatur nisi possimus.', '2021-03-27 11:45:11', '2021-03-27 11:45:11');
INSERT INTO `replies` VALUES ('60', '21', '3', 'Quis sit perspiciatis minus.', '2021-03-27 08:35:24', '2021-03-27 08:35:24');
INSERT INTO `replies` VALUES ('63', '36', '4', 'Facilis odit vel deserunt velit numquam.', '2021-04-02 14:06:48', '2021-04-02 14:06:48');
INSERT INTO `replies` VALUES ('64', '8', '1', 'Sint minima quam voluptates ipsum.', '2021-03-17 00:55:38', '2021-03-17 00:55:38');
INSERT INTO `replies` VALUES ('65', '67', '2', 'Aut odio quis impedit quia commodi qui.', '2021-03-15 02:19:14', '2021-03-15 02:19:14');
INSERT INTO `replies` VALUES ('66', '90', '5', 'Adipisci occaecati excepturi magnam quas.', '2021-03-17 03:40:06', '2021-03-17 03:40:06');
INSERT INTO `replies` VALUES ('67', '53', '4', 'Molestiae veritatis officia qui tenetur omnis.', '2021-03-31 21:32:05', '2021-03-31 21:32:05');
INSERT INTO `replies` VALUES ('68', '91', '6', 'Pariatur voluptatum assumenda sed ratione temporibus voluptatem neque consequuntur.', '2021-03-25 04:15:53', '2021-03-25 04:15:53');
INSERT INTO `replies` VALUES ('70', '64', '6', 'Qui rerum illum in nihil nesciunt corporis.', '2021-04-05 21:09:45', '2021-04-05 21:09:45');
INSERT INTO `replies` VALUES ('71', '68', '2', 'Non fuga expedita esse autem velit est voluptate.', '2021-03-30 14:14:17', '2021-03-30 14:14:17');
INSERT INTO `replies` VALUES ('72', '44', '1', 'Illum aperiam maiores et quod autem voluptates qui.', '2021-03-24 16:08:29', '2021-03-24 16:08:29');
INSERT INTO `replies` VALUES ('73', '91', '8', 'Inventore sed quas ex odit tenetur.', '2021-03-31 08:26:12', '2021-03-31 08:26:12');
INSERT INTO `replies` VALUES ('74', '93', '8', 'Vitae dicta velit similique suscipit repellendus.', '2021-03-21 01:59:43', '2021-03-21 01:59:43');
INSERT INTO `replies` VALUES ('75', '80', '9', 'Consequatur id quia vitae voluptas.', '2021-03-15 01:52:24', '2021-03-15 01:52:24');
INSERT INTO `replies` VALUES ('76', '62', '1', 'Optio repellat suscipit hic voluptatem laboriosam sequi aliquam.', '2021-04-01 19:09:35', '2021-04-01 19:09:35');
INSERT INTO `replies` VALUES ('79', '93', '8', 'Nulla nisi itaque quaerat ab ipsum occaecati aut.', '2021-03-13 11:26:43', '2021-03-13 11:26:43');
INSERT INTO `replies` VALUES ('80', '54', '8', 'Aspernatur sed nesciunt aut.', '2021-03-11 20:24:46', '2021-03-11 20:24:46');
INSERT INTO `replies` VALUES ('81', '86', '6', 'Qui provident esse sit neque quisquam.', '2021-03-19 10:01:54', '2021-03-19 10:01:54');
INSERT INTO `replies` VALUES ('82', '67', '3', 'Quia eveniet sapiente iusto dolor non voluptatem ratione.', '2021-03-26 12:24:46', '2021-03-26 12:24:46');
INSERT INTO `replies` VALUES ('83', '95', '3', 'Sint cumque exercitationem delectus amet quis sequi.', '2021-03-23 00:13:44', '2021-03-23 00:13:44');
INSERT INTO `replies` VALUES ('85', '65', '5', 'Culpa tempore vero inventore aut facilis voluptas cupiditate.', '2021-03-30 19:28:05', '2021-03-30 19:28:05');
INSERT INTO `replies` VALUES ('87', '42', '1', 'Debitis aperiam et dolores.', '2021-03-29 16:33:35', '2021-03-29 16:33:35');
INSERT INTO `replies` VALUES ('88', '87', '8', 'Impedit porro eos dolorem autem molestias.', '2021-04-01 16:29:04', '2021-04-01 16:29:04');
INSERT INTO `replies` VALUES ('89', '49', '4', 'Ea consequatur qui illum enim quae.', '2021-03-23 07:27:55', '2021-03-23 07:27:55');
INSERT INTO `replies` VALUES ('91', '22', '2', 'Reiciendis quis qui aut.', '2021-03-19 00:44:26', '2021-03-19 00:44:26');
INSERT INTO `replies` VALUES ('92', '61', '1', 'Atque autem qui odit ipsa facilis et.', '2021-03-28 23:26:45', '2021-03-28 23:26:45');
INSERT INTO `replies` VALUES ('94', '97', '5', 'Sed explicabo inventore quibusdam id corporis amet est.', '2021-03-11 22:24:34', '2021-03-11 22:24:34');
INSERT INTO `replies` VALUES ('95', '72', '2', 'Incidunt sit sunt ducimus reprehenderit qui praesentium illum.', '2021-04-07 11:06:48', '2021-04-07 11:06:48');
INSERT INTO `replies` VALUES ('96', '80', '9', 'Dolor soluta sit suscipit non.', '2021-04-06 06:11:42', '2021-04-06 06:11:42');
INSERT INTO `replies` VALUES ('97', '84', '8', 'Provident iste laboriosam suscipit eum occaecati omnis officia.', '2021-03-14 13:06:13', '2021-03-14 13:06:13');
INSERT INTO `replies` VALUES ('99', '93', '5', 'Omnis quae atque in sunt ipsam odit recusandae numquam.', '2021-03-13 20:30:16', '2021-03-13 20:30:16');
INSERT INTO `replies` VALUES ('101', '11', '7', 'Eveniet corporis quasi et.', '2021-03-11 04:11:19', '2021-03-11 04:11:19');
INSERT INTO `replies` VALUES ('102', '58', '2', 'Id soluta consequatur quas ipsa et.', '2021-03-30 16:51:47', '2021-03-30 16:51:47');
INSERT INTO `replies` VALUES ('103', '97', '5', 'Eaque consequatur vero dolore aliquid voluptates aut et sint.', '2021-04-04 06:58:22', '2021-04-04 06:58:22');
INSERT INTO `replies` VALUES ('104', '99', '2', 'Ea possimus expedita iusto rem quo non accusamus.', '2021-04-06 22:18:23', '2021-04-06 22:18:23');
INSERT INTO `replies` VALUES ('105', '62', '3', 'Dolor explicabo magnam libero adipisci quia excepturi est.', '2021-03-22 00:28:51', '2021-03-22 00:28:51');
INSERT INTO `replies` VALUES ('106', '62', '2', 'Quibusdam doloremque nulla quidem natus.', '2021-03-25 09:55:42', '2021-03-25 09:55:42');
INSERT INTO `replies` VALUES ('108', '58', '6', 'Et sit et et repudiandae.', '2021-04-10 04:34:05', '2021-04-10 04:34:05');
INSERT INTO `replies` VALUES ('109', '63', '6', 'Qui officia et reiciendis illum odio laborum quibusdam eos.', '2021-03-17 07:45:50', '2021-03-17 07:45:50');
INSERT INTO `replies` VALUES ('111', '28', '1', 'Eaque repellendus fugiat ex nesciunt quia.', '2021-03-23 07:48:37', '2021-03-23 07:48:37');
INSERT INTO `replies` VALUES ('112', '25', '5', 'Qui rerum excepturi doloribus repellendus neque modi.', '2021-03-25 00:35:09', '2021-03-25 00:35:09');
INSERT INTO `replies` VALUES ('113', '50', '2', 'Distinctio id sunt eius atque in ducimus ut quia.', '2021-04-07 17:25:11', '2021-04-07 17:25:11');
INSERT INTO `replies` VALUES ('114', '79', '2', 'Illo pariatur eveniet deserunt magnam corrupti et.', '2021-04-02 18:54:39', '2021-04-02 18:54:39');
INSERT INTO `replies` VALUES ('115', '32', '2', 'Impedit distinctio aliquam at odit minus.', '2021-03-25 19:56:47', '2021-03-25 19:56:47');
INSERT INTO `replies` VALUES ('116', '15', '9', 'Molestiae officiis asperiores aut occaecati delectus commodi voluptate.', '2021-03-26 11:45:10', '2021-03-26 11:45:10');
INSERT INTO `replies` VALUES ('118', '91', '7', 'Est assumenda modi non ut explicabo illo nulla.', '2021-03-13 22:16:01', '2021-03-13 22:16:01');
INSERT INTO `replies` VALUES ('119', '26', '4', 'Suscipit consequatur et consectetur dolore beatae nesciunt et.', '2021-03-27 12:23:02', '2021-03-27 12:23:02');
INSERT INTO `replies` VALUES ('120', '87', '2', 'Accusamus possimus laborum eligendi ipsa ab qui et.', '2021-03-17 05:43:20', '2021-03-17 05:43:20');
INSERT INTO `replies` VALUES ('121', '23', '9', 'Assumenda non iusto eaque tenetur ipsa fugit.', '2021-04-07 20:02:15', '2021-04-07 20:02:15');
INSERT INTO `replies` VALUES ('122', '98', '5', 'Rerum sint quia consequuntur non eaque qui.', '2021-04-07 11:52:03', '2021-04-07 11:52:03');
INSERT INTO `replies` VALUES ('123', '61', '5', 'Quas praesentium voluptatem cumque rerum.', '2021-04-07 09:59:56', '2021-04-07 09:59:56');
INSERT INTO `replies` VALUES ('124', '52', '5', 'Ipsam est quo inventore nisi.', '2021-03-13 14:39:31', '2021-03-13 14:39:31');
INSERT INTO `replies` VALUES ('125', '24', '1', 'Cumque eos occaecati dignissimos.', '2021-03-26 07:19:19', '2021-03-26 07:19:19');
INSERT INTO `replies` VALUES ('127', '71', '8', 'Architecto aut molestias officiis deserunt.', '2021-03-22 20:02:49', '2021-03-22 20:02:49');
INSERT INTO `replies` VALUES ('130', '95', '1', 'Nobis aut rerum et id.', '2021-03-30 03:09:22', '2021-03-30 03:09:22');
INSERT INTO `replies` VALUES ('131', '85', '9', 'Eos molestiae eligendi nemo saepe distinctio nam.', '2021-03-18 08:37:49', '2021-03-18 08:37:49');
INSERT INTO `replies` VALUES ('132', '1', '3', 'Blanditiis minima temporibus exercitationem et eum.', '2021-03-12 00:38:59', '2021-03-12 00:38:59');
INSERT INTO `replies` VALUES ('133', '72', '8', 'Voluptas corrupti recusandae voluptatem quo.', '2021-03-21 14:21:11', '2021-03-21 14:21:11');
INSERT INTO `replies` VALUES ('135', '25', '9', 'Aut minima repellat earum.', '2021-03-20 00:28:09', '2021-03-20 00:28:09');
INSERT INTO `replies` VALUES ('136', '55', '9', 'Facere reprehenderit quia architecto nobis rerum facere ratione.', '2021-03-18 05:00:51', '2021-03-18 05:00:51');
INSERT INTO `replies` VALUES ('137', '7', '5', 'Tempore quaerat odit doloribus nostrum deleniti neque.', '2021-04-01 18:33:51', '2021-04-01 18:33:51');
INSERT INTO `replies` VALUES ('138', '83', '3', 'Quia voluptas suscipit sunt est.', '2021-03-30 13:33:08', '2021-03-30 13:33:08');
INSERT INTO `replies` VALUES ('139', '60', '1', 'Mollitia iusto ipsam officia.', '2021-04-10 02:26:04', '2021-04-10 02:26:04');
INSERT INTO `replies` VALUES ('141', '72', '3', 'Nobis tempora nam ipsa nulla fugit.', '2021-03-22 12:05:10', '2021-03-22 12:05:10');
INSERT INTO `replies` VALUES ('142', '72', '5', 'Natus dicta voluptatum dolores sed magni.', '2021-04-09 09:30:38', '2021-04-09 09:30:38');
INSERT INTO `replies` VALUES ('143', '100', '4', 'Inventore sed esse ipsa id atque aut.', '2021-04-09 23:15:00', '2021-04-09 23:15:00');
INSERT INTO `replies` VALUES ('145', '46', '3', 'Consequatur ullam eveniet quia ea consequatur quasi.', '2021-03-30 16:39:43', '2021-03-30 16:39:43');
INSERT INTO `replies` VALUES ('146', '21', '7', 'Et quibusdam fuga qui ea.', '2021-03-20 18:51:01', '2021-03-20 18:51:01');
INSERT INTO `replies` VALUES ('147', '44', '3', 'Et illo ad omnis excepturi sed rerum.', '2021-03-23 18:38:01', '2021-03-23 18:38:01');
INSERT INTO `replies` VALUES ('148', '33', '3', 'Quaerat rerum assumenda et incidunt.', '2021-03-17 08:00:32', '2021-03-17 08:00:32');
INSERT INTO `replies` VALUES ('149', '62', '5', 'Dolores modi quasi est consequatur deserunt numquam.', '2021-04-07 18:11:52', '2021-04-07 18:11:52');
INSERT INTO `replies` VALUES ('150', '51', '2', 'Assumenda assumenda quam dolorem consequatur.', '2021-04-08 04:32:38', '2021-04-08 04:32:38');
INSERT INTO `replies` VALUES ('151', '26', '9', 'Iure aliquam autem voluptatem veniam dolorem quas.', '2021-03-31 09:10:17', '2021-03-31 09:10:17');
INSERT INTO `replies` VALUES ('152', '69', '9', 'Autem dolorem porro in ut et sit enim.', '2021-04-03 02:57:56', '2021-04-03 02:57:56');
INSERT INTO `replies` VALUES ('153', '68', '1', 'Ducimus velit deleniti labore consequatur nisi quod totam.', '2021-03-31 21:21:55', '2021-03-31 21:21:55');
INSERT INTO `replies` VALUES ('154', '88', '8', 'Dolorem sequi nesciunt sunt animi nesciunt quo dignissimos.', '2021-03-13 20:35:24', '2021-03-13 20:35:24');
INSERT INTO `replies` VALUES ('155', '21', '3', 'Vitae sit repudiandae occaecati.', '2021-03-18 09:06:08', '2021-03-18 09:06:08');
INSERT INTO `replies` VALUES ('156', '13', '2', 'Voluptatem vel facere culpa perferendis ratione.', '2021-03-12 14:45:10', '2021-03-12 14:45:10');
INSERT INTO `replies` VALUES ('157', '63', '4', 'Cumque recusandae optio quo corrupti magni sequi animi.', '2021-04-06 06:18:08', '2021-04-06 06:18:08');
INSERT INTO `replies` VALUES ('158', '64', '5', 'Incidunt tempora atque suscipit.', '2021-04-01 18:36:52', '2021-04-01 18:36:52');
INSERT INTO `replies` VALUES ('160', '99', '3', 'Omnis atque earum quasi et sint qui.', '2021-04-02 19:08:39', '2021-04-02 19:08:39');
INSERT INTO `replies` VALUES ('162', '16', '4', 'Praesentium cum voluptates explicabo.', '2021-03-28 06:07:13', '2021-03-28 06:07:13');
INSERT INTO `replies` VALUES ('163', '37', '4', 'Praesentium voluptates ut omnis voluptas.', '2021-03-24 12:52:34', '2021-03-24 12:52:34');
INSERT INTO `replies` VALUES ('164', '67', '3', 'Alias rem quae quam inventore sunt adipisci exercitationem.', '2021-03-13 19:37:19', '2021-03-13 19:37:19');
INSERT INTO `replies` VALUES ('166', '42', '4', 'Aut dolorem dicta velit similique ab ratione.', '2021-03-29 23:44:54', '2021-03-29 23:44:54');
INSERT INTO `replies` VALUES ('167', '19', '4', 'Sunt veniam et minus quia perferendis veniam.', '2021-04-03 06:26:08', '2021-04-03 06:26:08');
INSERT INTO `replies` VALUES ('169', '59', '9', 'Dolorem consequatur adipisci non laboriosam asperiores at iusto excepturi.', '2021-03-22 23:49:51', '2021-03-22 23:49:51');
INSERT INTO `replies` VALUES ('170', '11', '7', 'Magni nisi sit tempore ut quia.', '2021-04-08 04:09:07', '2021-04-08 04:09:07');
INSERT INTO `replies` VALUES ('171', '30', '9', 'Quaerat accusantium quasi earum rerum beatae consectetur.', '2021-03-31 03:57:36', '2021-03-31 03:57:36');
INSERT INTO `replies` VALUES ('172', '19', '7', 'Voluptatem iusto laboriosam est repellat laborum.', '2021-03-28 03:20:50', '2021-03-28 03:20:50');
INSERT INTO `replies` VALUES ('173', '77', '2', 'Ipsa sint fugit veritatis in maxime numquam ut.', '2021-03-12 13:13:20', '2021-03-12 13:13:20');
INSERT INTO `replies` VALUES ('175', '60', '1', 'Autem aut et distinctio quia ut enim deserunt fugiat.', '2021-03-14 21:07:32', '2021-03-14 21:07:32');
INSERT INTO `replies` VALUES ('176', '8', '8', 'Et veniam et animi molestias.', '2021-03-25 13:43:00', '2021-03-25 13:43:00');
INSERT INTO `replies` VALUES ('177', '66', '4', 'Non laudantium odit sed consequatur nostrum ratione aut.', '2021-04-01 18:58:13', '2021-04-01 18:58:13');
INSERT INTO `replies` VALUES ('178', '21', '4', 'Fuga doloribus libero quas eum.', '2021-03-24 16:38:33', '2021-03-24 16:38:33');
INSERT INTO `replies` VALUES ('179', '50', '8', 'Doloremque fugiat cumque labore omnis et accusamus.', '2021-04-10 04:46:28', '2021-04-10 04:46:28');
INSERT INTO `replies` VALUES ('180', '7', '1', 'Pariatur ratione impedit sed provident.', '2021-03-16 23:15:09', '2021-03-16 23:15:09');
INSERT INTO `replies` VALUES ('181', '30', '7', 'Consequuntur dolores aut delectus qui provident consequatur.', '2021-03-16 04:16:04', '2021-03-16 04:16:04');
INSERT INTO `replies` VALUES ('184', '51', '6', 'Molestias hic reiciendis doloremque totam.', '2021-03-26 11:18:54', '2021-03-26 11:18:54');
INSERT INTO `replies` VALUES ('185', '10', '4', 'Et eaque ab modi qui consectetur quia.', '2021-04-09 09:27:00', '2021-04-09 09:27:00');
INSERT INTO `replies` VALUES ('186', '22', '8', 'Libero alias et reprehenderit ut.', '2021-04-08 10:01:50', '2021-04-08 10:01:50');
INSERT INTO `replies` VALUES ('187', '45', '7', 'Qui occaecati aut mollitia quibusdam minima.', '2021-03-22 09:29:46', '2021-03-22 09:29:46');
INSERT INTO `replies` VALUES ('188', '45', '1', 'Iste laborum dicta nulla quam dicta cum maxime voluptas.', '2021-04-01 06:13:54', '2021-04-01 06:13:54');
INSERT INTO `replies` VALUES ('189', '45', '9', 'Et sed ea consequuntur ipsam repellat eveniet culpa.', '2021-03-25 13:03:23', '2021-03-25 13:03:23');
INSERT INTO `replies` VALUES ('190', '19', '7', 'Distinctio repellat itaque esse est libero nobis.', '2021-03-24 19:05:02', '2021-03-24 19:05:02');
INSERT INTO `replies` VALUES ('191', '16', '8', 'Ducimus sit voluptatem recusandae veritatis et.', '2021-04-08 21:09:33', '2021-04-08 21:09:33');
INSERT INTO `replies` VALUES ('193', '52', '6', 'Doloribus eos odit consequatur qui eaque nesciunt eum.', '2021-04-08 17:07:14', '2021-04-08 17:07:14');
INSERT INTO `replies` VALUES ('194', '37', '8', 'Soluta vel quis possimus voluptatibus et ipsa.', '2021-04-09 06:50:55', '2021-04-09 06:50:55');
INSERT INTO `replies` VALUES ('195', '35', '1', 'Minus porro ex dolores voluptates quia recusandae aut enim.', '2021-04-01 05:59:59', '2021-04-01 05:59:59');
INSERT INTO `replies` VALUES ('196', '85', '3', 'Et nihil ipsa rerum odit quasi et.', '2021-03-24 04:58:30', '2021-03-24 04:58:30');
INSERT INTO `replies` VALUES ('199', '84', '8', 'Voluptate est eum impedit ut.', '2021-04-09 09:55:42', '2021-04-09 09:55:42');
INSERT INTO `replies` VALUES ('200', '32', '6', 'Voluptate illo ut non.', '2021-04-02 12:44:46', '2021-04-02 12:44:46');
INSERT INTO `replies` VALUES ('202', '8', '8', 'Omnis eum ipsa provident sed ipsam quam.', '2021-03-30 19:47:13', '2021-03-30 19:47:13');
INSERT INTO `replies` VALUES ('203', '22', '5', 'Explicabo eum et ut non ducimus sit.', '2021-03-22 06:12:19', '2021-03-22 06:12:19');
INSERT INTO `replies` VALUES ('204', '38', '7', 'Repellat quam dolorum aut qui dolores quia.', '2021-03-26 09:55:06', '2021-03-26 09:55:06');
INSERT INTO `replies` VALUES ('205', '84', '3', 'Assumenda nihil unde quibusdam id.', '2021-03-31 20:20:22', '2021-03-31 20:20:22');
INSERT INTO `replies` VALUES ('206', '48', '5', 'Sed quia animi aut et.', '2021-04-09 11:55:47', '2021-04-09 11:55:47');
INSERT INTO `replies` VALUES ('207', '19', '3', 'Id consectetur quisquam at in.', '2021-04-06 15:55:32', '2021-04-06 15:55:32');
INSERT INTO `replies` VALUES ('208', '15', '8', 'Corporis aut tempore eaque ut aliquam.', '2021-04-06 20:50:07', '2021-04-06 20:50:07');
INSERT INTO `replies` VALUES ('209', '11', '5', 'Ipsum veniam tempore ea laborum.', '2021-03-15 00:31:36', '2021-03-15 00:31:36');
INSERT INTO `replies` VALUES ('211', '37', '7', 'Dolor quisquam nisi ut numquam porro dolor expedita.', '2021-03-20 13:22:40', '2021-03-20 13:22:40');
INSERT INTO `replies` VALUES ('213', '100', '9', 'Nam sequi ullam aut est ea sequi voluptatem.', '2021-03-28 03:08:56', '2021-03-28 03:08:56');
INSERT INTO `replies` VALUES ('214', '49', '7', 'Laboriosam laboriosam mollitia omnis aut ea.', '2021-03-12 00:42:15', '2021-03-12 00:42:15');
INSERT INTO `replies` VALUES ('215', '22', '7', 'Doloribus amet et inventore sunt sit sed voluptates.', '2021-03-28 13:09:38', '2021-03-28 13:09:38');
INSERT INTO `replies` VALUES ('216', '88', '8', 'Aut rem harum aut et voluptas ut repellendus.', '2021-04-08 01:00:30', '2021-04-08 01:00:30');
INSERT INTO `replies` VALUES ('217', '89', '7', 'Et voluptas qui enim nulla.', '2021-03-20 03:22:51', '2021-03-20 03:22:51');
INSERT INTO `replies` VALUES ('219', '21', '2', 'Doloremque est quo deleniti repudiandae.', '2021-03-25 10:57:49', '2021-03-25 10:57:49');
INSERT INTO `replies` VALUES ('220', '29', '6', 'Ab animi unde perferendis itaque autem.', '2021-03-14 16:57:01', '2021-03-14 16:57:01');
INSERT INTO `replies` VALUES ('221', '67', '6', 'Commodi possimus error et.', '2021-03-24 13:34:26', '2021-03-24 13:34:26');
INSERT INTO `replies` VALUES ('225', '15', '9', 'Aspernatur illum voluptatem deleniti perferendis voluptas.', '2021-03-22 20:20:44', '2021-03-22 20:20:44');
INSERT INTO `replies` VALUES ('226', '69', '1', 'Repudiandae illo quae nisi voluptates distinctio.', '2021-03-30 15:07:54', '2021-03-30 15:07:54');
INSERT INTO `replies` VALUES ('228', '77', '4', 'Temporibus est quia autem aut modi voluptatum fuga.', '2021-04-03 03:19:14', '2021-04-03 03:19:14');
INSERT INTO `replies` VALUES ('230', '40', '2', 'Repellendus iusto sunt similique mollitia reprehenderit id esse est.', '2021-04-03 06:44:00', '2021-04-03 06:44:00');
INSERT INTO `replies` VALUES ('232', '97', '1', 'Distinctio aspernatur voluptas repellat maxime tempora quos enim.', '2021-03-16 13:20:07', '2021-03-16 13:20:07');
INSERT INTO `replies` VALUES ('233', '14', '5', 'Quos corrupti est eius architecto dignissimos.', '2021-03-11 18:46:29', '2021-03-11 18:46:29');
INSERT INTO `replies` VALUES ('234', '95', '7', 'Reprehenderit in officiis ut recusandae.', '2021-04-01 16:37:25', '2021-04-01 16:37:25');
INSERT INTO `replies` VALUES ('235', '40', '3', 'Porro mollitia aut sapiente eum.', '2021-04-01 10:54:23', '2021-04-01 10:54:23');
INSERT INTO `replies` VALUES ('236', '86', '4', 'Inventore expedita aspernatur fugit nostrum aut dolorem eos.', '2021-04-08 09:56:35', '2021-04-08 09:56:35');
INSERT INTO `replies` VALUES ('237', '3', '3', 'Aut itaque doloribus maxime.', '2021-03-28 09:49:48', '2021-03-28 09:49:48');
INSERT INTO `replies` VALUES ('238', '15', '9', 'Aperiam et debitis quia ducimus ut.', '2021-03-24 11:02:06', '2021-03-24 11:02:06');
INSERT INTO `replies` VALUES ('239', '71', '1', 'Sit ratione vero assumenda maiores ut.', '2021-03-23 12:21:33', '2021-03-23 12:21:33');
INSERT INTO `replies` VALUES ('240', '33', '2', 'Corrupti amet est laudantium ut.', '2021-03-24 04:57:34', '2021-03-24 04:57:34');
INSERT INTO `replies` VALUES ('242', '12', '1', 'Quidem aut possimus aut iure amet quia nam.', '2021-03-30 12:33:29', '2021-03-30 12:33:29');
INSERT INTO `replies` VALUES ('243', '30', '7', 'Asperiores et at quis beatae reprehenderit.', '2021-04-07 15:34:19', '2021-04-07 15:34:19');
INSERT INTO `replies` VALUES ('244', '60', '1', 'Sunt et harum quibusdam aperiam.', '2021-03-30 14:45:33', '2021-03-30 14:45:33');
INSERT INTO `replies` VALUES ('245', '99', '1', 'Et aut velit tempora amet aut.', '2021-03-14 01:52:30', '2021-03-14 01:52:30');
INSERT INTO `replies` VALUES ('247', '74', '5', 'Ipsam quia voluptas consequuntur voluptas.', '2021-03-29 18:53:16', '2021-03-29 18:53:16');
INSERT INTO `replies` VALUES ('248', '36', '2', 'Laborum numquam consequatur sapiente laudantium atque.', '2021-04-10 14:16:29', '2021-04-10 14:16:29');
INSERT INTO `replies` VALUES ('249', '90', '8', 'Autem aperiam cum illum sit omnis excepturi.', '2021-04-08 13:26:44', '2021-04-08 13:26:44');
INSERT INTO `replies` VALUES ('251', '77', '2', 'Qui est non doloribus totam.', '2021-04-03 23:10:00', '2021-04-03 23:10:00');
INSERT INTO `replies` VALUES ('252', '98', '6', 'Dolorum consequatur id eaque quam optio est dolor sunt.', '2021-03-11 07:30:13', '2021-03-11 07:30:13');
INSERT INTO `replies` VALUES ('255', '30', '7', 'Ut deserunt provident hic et nostrum autem libero.', '2021-03-26 00:06:03', '2021-03-26 00:06:03');
INSERT INTO `replies` VALUES ('257', '67', '6', 'Facilis quo et minima rem commodi id totam enim.', '2021-03-27 01:37:22', '2021-03-27 01:37:22');
INSERT INTO `replies` VALUES ('258', '25', '5', 'Tempore cum qui fuga est error est porro.', '2021-04-05 11:50:54', '2021-04-05 11:50:54');
INSERT INTO `replies` VALUES ('259', '43', '7', 'Recusandae rerum voluptatem sit aspernatur cumque animi animi.', '2021-03-16 09:10:48', '2021-03-16 09:10:48');
INSERT INTO `replies` VALUES ('260', '2', '4', 'Iure molestiae culpa labore voluptas in animi.', '2021-03-25 11:42:25', '2021-03-25 11:42:25');
INSERT INTO `replies` VALUES ('261', '88', '3', 'Sequi sapiente aut minus iure quis placeat.', '2021-04-03 01:03:01', '2021-04-03 01:03:01');
INSERT INTO `replies` VALUES ('262', '63', '5', 'Id iusto aut est quam voluptatem.', '2021-03-30 17:57:07', '2021-03-30 17:57:07');
INSERT INTO `replies` VALUES ('263', '55', '8', 'A adipisci saepe aut odit omnis aperiam sit.', '2021-04-05 23:06:26', '2021-04-05 23:06:26');
INSERT INTO `replies` VALUES ('265', '44', '4', 'Cumque omnis explicabo vel dignissimos fugit laboriosam fugiat.', '2021-03-17 23:47:43', '2021-03-17 23:47:43');
INSERT INTO `replies` VALUES ('267', '86', '1', 'Unde perferendis possimus eveniet quis repellendus placeat qui.', '2021-03-27 15:07:06', '2021-03-27 15:07:06');
INSERT INTO `replies` VALUES ('268', '67', '9', 'Velit rerum assumenda explicabo esse.', '2021-03-12 15:18:23', '2021-03-12 15:18:23');
INSERT INTO `replies` VALUES ('271', '84', '8', 'Ut ut nulla omnis quia voluptates porro.', '2021-04-02 05:14:54', '2021-04-02 05:14:54');
INSERT INTO `replies` VALUES ('272', '21', '1', 'Odit et ut quae et est voluptates necessitatibus.', '2021-03-22 08:20:03', '2021-03-22 08:20:03');
INSERT INTO `replies` VALUES ('273', '26', '5', 'Non est libero perferendis itaque perferendis.', '2021-03-27 08:58:58', '2021-03-27 08:58:58');
INSERT INTO `replies` VALUES ('275', '72', '8', 'Qui cupiditate repellat quia et sequi.', '2021-03-26 04:27:19', '2021-03-26 04:27:19');
INSERT INTO `replies` VALUES ('276', '10', '4', 'Rerum non et sed laboriosam.', '2021-03-14 02:57:05', '2021-03-14 02:57:05');
INSERT INTO `replies` VALUES ('277', '100', '3', 'Amet aut cum ab aut nostrum repudiandae in.', '2021-04-06 20:09:41', '2021-04-06 20:09:41');
INSERT INTO `replies` VALUES ('278', '13', '8', 'At fugit recusandae sit.', '2021-03-18 09:04:33', '2021-03-18 09:04:33');
INSERT INTO `replies` VALUES ('279', '94', '4', 'Enim pariatur est voluptas enim magnam delectus.', '2021-04-03 23:54:39', '2021-04-03 23:54:39');
INSERT INTO `replies` VALUES ('280', '10', '6', 'Eum tempora sunt consequatur ipsum doloribus velit.', '2021-03-17 18:59:36', '2021-03-17 18:59:36');
INSERT INTO `replies` VALUES ('281', '36', '1', 'Rerum repellendus molestiae nostrum est.', '2021-03-12 08:51:19', '2021-03-12 08:51:19');
INSERT INTO `replies` VALUES ('282', '55', '2', 'Voluptatem possimus neque a doloremque veniam sequi explicabo.', '2021-03-14 10:25:57', '2021-03-14 10:25:57');
INSERT INTO `replies` VALUES ('283', '94', '8', 'Delectus facere aut iste saepe minus.', '2021-04-03 09:28:02', '2021-04-03 09:28:02');
INSERT INTO `replies` VALUES ('285', '91', '3', 'Officia nam ipsam commodi sit unde voluptatem ipsum.', '2021-03-13 17:23:47', '2021-03-13 17:23:47');
INSERT INTO `replies` VALUES ('287', '77', '2', 'Quos nostrum tempore perferendis ipsum.', '2021-04-07 15:06:19', '2021-04-07 15:06:19');
INSERT INTO `replies` VALUES ('288', '71', '8', 'Eius iusto omnis reiciendis minus ut aliquam qui.', '2021-03-10 23:04:20', '2021-03-10 23:04:20');
INSERT INTO `replies` VALUES ('289', '38', '6', 'Placeat perspiciatis hic qui veritatis perspiciatis dolor.', '2021-04-10 14:59:01', '2021-04-10 14:59:01');
INSERT INTO `replies` VALUES ('290', '11', '9', 'Doloremque et quibusdam aut culpa itaque blanditiis sunt.', '2021-04-10 16:52:49', '2021-04-10 16:52:49');
INSERT INTO `replies` VALUES ('291', '54', '6', 'Ut qui eaque ex quo.', '2021-04-03 06:00:52', '2021-04-03 06:00:52');
INSERT INTO `replies` VALUES ('292', '47', '2', 'Quo ut aut deserunt laborum dolorem.', '2021-04-08 08:49:44', '2021-04-08 08:49:44');
INSERT INTO `replies` VALUES ('293', '25', '1', 'Minima et eum rerum quam possimus.', '2021-03-28 22:35:34', '2021-03-28 22:35:34');
INSERT INTO `replies` VALUES ('294', '6', '7', 'Voluptate et odit eius quia.', '2021-03-21 19:41:01', '2021-03-21 19:41:01');
INSERT INTO `replies` VALUES ('295', '21', '6', 'Sint quasi voluptatem ut.', '2021-03-16 12:18:45', '2021-03-16 12:18:45');
INSERT INTO `replies` VALUES ('297', '77', '4', 'Est atque officiis aperiam rerum.', '2021-04-02 07:59:47', '2021-04-02 07:59:47');
INSERT INTO `replies` VALUES ('298', '74', '1', 'Non fugit mollitia debitis aliquam placeat.', '2021-03-26 19:38:52', '2021-03-26 19:38:52');
INSERT INTO `replies` VALUES ('299', '63', '1', 'Earum cum ratione beatae dolores.', '2021-03-17 09:47:46', '2021-03-17 09:47:46');
INSERT INTO `replies` VALUES ('300', '14', '1', 'Eaque tenetur doloremque facere placeat ab ducimus.', '2021-03-22 11:00:21', '2021-03-22 11:00:21');
INSERT INTO `replies` VALUES ('301', '100', '7', 'Nisi tenetur distinctio doloremque temporibus et.', '2021-03-17 11:15:44', '2021-03-17 11:15:44');
INSERT INTO `replies` VALUES ('302', '65', '6', 'Eum quod voluptatibus sit fugiat soluta.', '2021-04-01 18:28:53', '2021-04-01 18:28:53');
INSERT INTO `replies` VALUES ('303', '82', '2', 'Molestiae in dolore consequatur.', '2021-03-26 11:43:56', '2021-03-26 11:43:56');
INSERT INTO `replies` VALUES ('305', '38', '9', 'Expedita labore similique at autem rerum dignissimos.', '2021-03-10 22:34:20', '2021-03-10 22:34:20');
INSERT INTO `replies` VALUES ('306', '80', '5', 'Consequatur dolores quasi minima.', '2021-03-29 23:50:53', '2021-03-29 23:50:53');
INSERT INTO `replies` VALUES ('307', '48', '2', 'Dolorem repudiandae aliquam reiciendis aut illo porro iste.', '2021-03-12 14:24:38', '2021-03-12 14:24:38');
INSERT INTO `replies` VALUES ('308', '77', '4', 'Non sed officiis et tenetur corrupti.', '2021-04-02 05:25:54', '2021-04-02 05:25:54');
INSERT INTO `replies` VALUES ('309', '53', '7', 'Totam eligendi eaque ratione ex.', '2021-04-09 22:29:01', '2021-04-09 22:29:01');
INSERT INTO `replies` VALUES ('310', '48', '1', 'Suscipit qui amet dignissimos.', '2021-03-11 21:46:25', '2021-03-11 21:46:25');
INSERT INTO `replies` VALUES ('311', '99', '6', 'Et cupiditate eligendi aut officia itaque qui similique rerum.', '2021-03-28 01:01:42', '2021-03-28 01:01:42');
INSERT INTO `replies` VALUES ('312', '16', '9', 'Error ea ipsam tempore odio totam excepturi enim.', '2021-04-06 21:27:06', '2021-04-06 21:27:06');
INSERT INTO `replies` VALUES ('313', '91', '6', 'Sapiente commodi enim reiciendis provident dolor.', '2021-04-01 00:44:11', '2021-04-01 00:44:11');
INSERT INTO `replies` VALUES ('316', '84', '2', 'Quod dolore iusto architecto incidunt non praesentium.', '2021-04-02 13:44:13', '2021-04-02 13:44:13');
INSERT INTO `replies` VALUES ('318', '50', '3', 'Ex quo aut dicta dicta.', '2021-03-27 18:01:17', '2021-03-27 18:01:17');
INSERT INTO `replies` VALUES ('319', '93', '2', 'Atque aut voluptatem quasi nisi error id.', '2021-03-23 14:10:16', '2021-03-23 14:10:16');
INSERT INTO `replies` VALUES ('320', '86', '7', 'Quam quo doloremque odit et nihil.', '2021-03-24 17:50:32', '2021-03-24 17:50:32');
INSERT INTO `replies` VALUES ('321', '61', '3', 'Consequatur praesentium nobis dolor et.', '2021-03-22 13:08:31', '2021-03-22 13:08:31');
INSERT INTO `replies` VALUES ('322', '49', '5', 'A eius assumenda commodi reiciendis.', '2021-03-19 22:31:00', '2021-03-19 22:31:00');
INSERT INTO `replies` VALUES ('324', '3', '9', 'Quam qui architecto et minima voluptas ea.', '2021-03-26 14:37:30', '2021-03-26 14:37:30');
INSERT INTO `replies` VALUES ('326', '82', '6', 'Animi rerum quidem quia.', '2021-03-27 13:37:00', '2021-03-27 13:37:00');
INSERT INTO `replies` VALUES ('327', '28', '9', 'Itaque modi facere soluta velit voluptatem.', '2021-03-12 18:05:00', '2021-03-12 18:05:00');
INSERT INTO `replies` VALUES ('328', '65', '1', 'Et culpa laborum quis amet temporibus.', '2021-03-14 09:17:45', '2021-03-14 09:17:45');
INSERT INTO `replies` VALUES ('330', '85', '4', 'Qui pariatur consequuntur reprehenderit et neque eligendi asperiores.', '2021-04-03 15:04:23', '2021-04-03 15:04:23');
INSERT INTO `replies` VALUES ('331', '54', '1', 'Eum libero commodi possimus.', '2021-04-08 17:27:34', '2021-04-08 17:27:34');
INSERT INTO `replies` VALUES ('332', '44', '7', 'Ullam rerum ipsam eum illum sit voluptatem et.', '2021-03-12 13:46:25', '2021-03-12 13:46:25');
INSERT INTO `replies` VALUES ('334', '98', '6', 'Dolores possimus culpa et voluptatem quam sit.', '2021-03-18 04:43:55', '2021-03-18 04:43:55');
INSERT INTO `replies` VALUES ('335', '21', '2', 'Rerum sapiente tempore tempora.', '2021-03-18 22:09:24', '2021-03-18 22:09:24');
INSERT INTO `replies` VALUES ('336', '50', '3', 'Aut in qui et porro architecto labore.', '2021-03-16 11:29:59', '2021-03-16 11:29:59');
INSERT INTO `replies` VALUES ('338', '91', '9', 'Consequatur beatae illo temporibus exercitationem nemo.', '2021-03-14 11:21:54', '2021-03-14 11:21:54');
INSERT INTO `replies` VALUES ('339', '44', '2', 'Qui et dolore qui eligendi ipsum rerum.', '2021-03-31 17:38:50', '2021-03-31 17:38:50');
INSERT INTO `replies` VALUES ('341', '54', '2', 'Voluptas error facilis voluptas aut et.', '2021-03-12 12:21:01', '2021-03-12 12:21:01');
INSERT INTO `replies` VALUES ('343', '45', '6', 'Corrupti et sed veritatis aut nam velit tempore.', '2021-03-25 06:14:20', '2021-03-25 06:14:20');
INSERT INTO `replies` VALUES ('344', '56', '6', 'Iusto id consequatur enim voluptas.', '2021-03-15 01:50:28', '2021-03-15 01:50:28');
INSERT INTO `replies` VALUES ('345', '71', '5', 'Rerum quis delectus voluptatem quo reprehenderit est.', '2021-04-07 13:03:58', '2021-04-07 13:03:58');
INSERT INTO `replies` VALUES ('346', '84', '3', 'Aut aspernatur animi nulla unde.', '2021-04-02 10:19:26', '2021-04-02 10:19:26');
INSERT INTO `replies` VALUES ('347', '90', '8', 'Illum sed ipsa sint perferendis possimus quae.', '2021-04-07 07:34:38', '2021-04-07 07:34:38');
INSERT INTO `replies` VALUES ('348', '8', '2', 'Et quo ut qui dolor nemo.', '2021-03-12 05:45:40', '2021-03-12 05:45:40');
INSERT INTO `replies` VALUES ('350', '60', '8', 'Incidunt tenetur laborum quia excepturi magni autem tenetur.', '2021-03-17 21:32:22', '2021-03-17 21:32:22');
INSERT INTO `replies` VALUES ('351', '38', '2', 'Placeat quidem deserunt voluptatem voluptatem non ab ducimus.', '2021-04-09 10:16:17', '2021-04-09 10:16:17');
INSERT INTO `replies` VALUES ('352', '88', '1', 'Laudantium placeat id quia repudiandae omnis rerum omnis quos.', '2021-03-18 23:19:07', '2021-03-18 23:19:07');
INSERT INTO `replies` VALUES ('353', '2', '6', 'Atque eum quam vero atque.', '2021-03-23 08:20:44', '2021-03-23 08:20:44');
INSERT INTO `replies` VALUES ('354', '44', '6', 'Non iusto velit ipsa deleniti odio dignissimos sint.', '2021-03-15 20:44:25', '2021-03-15 20:44:25');
INSERT INTO `replies` VALUES ('355', '26', '4', 'Non nesciunt quaerat quisquam nihil.', '2021-04-06 02:10:05', '2021-04-06 02:10:05');
INSERT INTO `replies` VALUES ('358', '83', '1', 'Cumque veniam cum molestiae esse neque.', '2021-03-24 01:51:50', '2021-03-24 01:51:50');
INSERT INTO `replies` VALUES ('361', '31', '5', 'Corporis ipsa sed quod ipsam beatae voluptatem voluptatem corrupti.', '2021-03-14 16:19:02', '2021-03-14 16:19:02');
INSERT INTO `replies` VALUES ('363', '53', '1', 'Aut perferendis eum voluptatibus consequatur.', '2021-03-13 05:23:10', '2021-03-13 05:23:10');
INSERT INTO `replies` VALUES ('364', '23', '4', 'Fugiat quos eveniet quia necessitatibus at officia.', '2021-03-19 03:10:27', '2021-03-19 03:10:27');
INSERT INTO `replies` VALUES ('366', '20', '1', 'Aut est rerum ea.', '2021-03-26 19:53:24', '2021-03-26 19:53:24');
INSERT INTO `replies` VALUES ('367', '80', '2', 'Praesentium explicabo architecto ex saepe sint necessitatibus.', '2021-03-30 18:30:57', '2021-03-30 18:30:57');
INSERT INTO `replies` VALUES ('368', '11', '1', 'Ut illo nostrum autem dolores soluta.', '2021-04-09 13:02:31', '2021-04-09 13:02:31');
INSERT INTO `replies` VALUES ('369', '36', '2', 'Ad est libero sed neque consequuntur.', '2021-03-19 07:33:51', '2021-03-19 07:33:51');
INSERT INTO `replies` VALUES ('370', '40', '4', 'Alias voluptate ut nemo temporibus vel accusamus recusandae.', '2021-03-22 00:36:37', '2021-03-22 00:36:37');
INSERT INTO `replies` VALUES ('371', '23', '5', 'Aut tenetur aut animi maiores ea est deserunt.', '2021-04-07 03:27:25', '2021-04-07 03:27:25');
INSERT INTO `replies` VALUES ('372', '72', '5', 'Reiciendis error aut similique doloribus.', '2021-03-20 20:09:46', '2021-03-20 20:09:46');
INSERT INTO `replies` VALUES ('373', '84', '4', 'Rerum optio et ad quis.', '2021-03-10 20:10:40', '2021-03-10 20:10:40');
INSERT INTO `replies` VALUES ('374', '1', '1', 'Laudantium amet at fuga distinctio.', '2021-04-10 12:27:19', '2021-04-10 12:27:19');
INSERT INTO `replies` VALUES ('375', '46', '8', 'Eveniet vero consequatur eos distinctio soluta omnis.', '2021-03-20 00:54:08', '2021-03-20 00:54:08');
INSERT INTO `replies` VALUES ('376', '80', '6', 'Voluptas nihil magnam et in corrupti et minus architecto.', '2021-03-21 03:57:09', '2021-03-21 03:57:09');
INSERT INTO `replies` VALUES ('377', '63', '7', 'Cumque et soluta accusantium optio dolores.', '2021-03-19 21:03:29', '2021-03-19 21:03:29');
INSERT INTO `replies` VALUES ('378', '68', '3', 'Quis eveniet voluptatem aliquam necessitatibus totam quam.', '2021-03-16 00:34:26', '2021-03-16 00:34:26');
INSERT INTO `replies` VALUES ('379', '27', '9', 'Aliquam maxime cum beatae blanditiis similique quam sint.', '2021-03-26 13:15:18', '2021-03-26 13:15:18');
INSERT INTO `replies` VALUES ('380', '85', '4', 'Illum voluptates aperiam qui eaque qui facere officiis.', '2021-04-08 11:05:26', '2021-04-08 11:05:26');
INSERT INTO `replies` VALUES ('381', '58', '6', 'Sed ut repudiandae libero veritatis neque voluptas cum.', '2021-04-08 00:04:05', '2021-04-08 00:04:05');
INSERT INTO `replies` VALUES ('382', '50', '9', 'Optio pariatur explicabo cum.', '2021-03-22 02:16:29', '2021-03-22 02:16:29');
INSERT INTO `replies` VALUES ('384', '85', '8', 'Molestiae ullam inventore quae numquam pariatur qui sit.', '2021-04-09 08:49:56', '2021-04-09 08:49:56');
INSERT INTO `replies` VALUES ('385', '93', '4', 'Quas omnis omnis recusandae perspiciatis rerum aut at iure.', '2021-03-25 16:27:02', '2021-03-25 16:27:02');
INSERT INTO `replies` VALUES ('386', '7', '9', 'Suscipit eligendi saepe ut deserunt veniam sit.', '2021-03-23 17:30:02', '2021-03-23 17:30:02');
INSERT INTO `replies` VALUES ('387', '79', '2', 'Suscipit nemo commodi excepturi rem.', '2021-04-08 02:28:45', '2021-04-08 02:28:45');
INSERT INTO `replies` VALUES ('388', '78', '9', 'Qui harum ut repudiandae ut consequatur minus iste.', '2021-03-22 06:33:42', '2021-03-22 06:33:42');
INSERT INTO `replies` VALUES ('389', '93', '1', 'Sequi at soluta autem voluptatem ipsum suscipit.', '2021-03-12 18:38:04', '2021-03-12 18:38:04');
INSERT INTO `replies` VALUES ('390', '31', '3', 'Repellat incidunt sint culpa neque sed mollitia et.', '2021-03-20 09:20:20', '2021-03-20 09:20:20');
INSERT INTO `replies` VALUES ('391', '75', '3', 'Mollitia a magnam sed corrupti dignissimos repudiandae.', '2021-03-21 06:17:11', '2021-03-21 06:17:11');
INSERT INTO `replies` VALUES ('392', '72', '4', 'Possimus rerum provident dolor voluptate tempore est.', '2021-04-06 00:34:04', '2021-04-06 00:34:04');
INSERT INTO `replies` VALUES ('393', '74', '4', 'Tempora aut aut a at exercitationem.', '2021-03-18 04:14:59', '2021-03-18 04:14:59');
INSERT INTO `replies` VALUES ('394', '24', '5', 'Voluptatem nostrum natus aperiam provident et quae nesciunt.', '2021-03-25 15:37:28', '2021-03-25 15:37:28');
INSERT INTO `replies` VALUES ('395', '36', '6', 'Facere optio vel dolorum autem dolorum rerum et.', '2021-04-09 22:02:55', '2021-04-09 22:02:55');
INSERT INTO `replies` VALUES ('396', '13', '9', 'Similique est et aperiam autem aut.', '2021-03-12 20:01:14', '2021-03-12 20:01:14');
INSERT INTO `replies` VALUES ('397', '82', '8', 'Et eum impedit deleniti.', '2021-03-11 03:02:18', '2021-03-11 03:02:18');
INSERT INTO `replies` VALUES ('398', '62', '4', 'Omnis occaecati qui dolorem minima saepe.', '2021-03-22 12:28:56', '2021-03-22 12:28:56');
INSERT INTO `replies` VALUES ('400', '93', '8', 'Ullam consequatur omnis nemo incidunt incidunt repudiandae magni velit.', '2021-04-05 11:00:53', '2021-04-05 11:00:53');
INSERT INTO `replies` VALUES ('401', '31', '1', 'Ea iusto sed reiciendis eaque et illum et itaque.', '2021-03-26 20:54:53', '2021-03-26 20:54:53');
INSERT INTO `replies` VALUES ('403', '58', '7', 'Qui molestiae debitis aperiam nostrum.', '2021-04-04 07:31:44', '2021-04-04 07:31:44');
INSERT INTO `replies` VALUES ('404', '87', '2', 'Et molestiae qui tempore fuga illum.', '2021-03-15 06:24:17', '2021-03-15 06:24:17');
INSERT INTO `replies` VALUES ('406', '58', '1', 'Dolor placeat sint ea minus et laudantium.', '2021-03-23 17:05:16', '2021-03-23 17:05:16');
INSERT INTO `replies` VALUES ('407', '66', '6', 'Molestiae voluptates repudiandae est.', '2021-03-31 14:25:11', '2021-03-31 14:25:11');
INSERT INTO `replies` VALUES ('408', '8', '8', 'Provident vel aut maiores atque doloremque.', '2021-03-12 06:34:42', '2021-03-12 06:34:42');
INSERT INTO `replies` VALUES ('409', '88', '1', 'Error non ut rerum est et.', '2021-04-08 00:55:24', '2021-04-08 00:55:24');
INSERT INTO `replies` VALUES ('410', '33', '2', 'Ea nemo totam qui incidunt.', '2021-03-28 00:54:14', '2021-03-28 00:54:14');
INSERT INTO `replies` VALUES ('411', '88', '4', 'Quod dolore aut dolorum repellendus ab nihil officia.', '2021-04-04 05:38:28', '2021-04-04 05:38:28');
INSERT INTO `replies` VALUES ('414', '37', '6', 'Nihil asperiores sed perspiciatis culpa iusto cupiditate nihil.', '2021-03-31 15:53:42', '2021-03-31 15:53:42');
INSERT INTO `replies` VALUES ('416', '43', '6', 'Pariatur mollitia magnam rerum atque et architecto adipisci consequatur.', '2021-03-14 03:49:41', '2021-03-14 03:49:41');
INSERT INTO `replies` VALUES ('417', '28', '8', 'Dolores ad quam autem eius iure.', '2021-03-13 04:31:54', '2021-03-13 04:31:54');
INSERT INTO `replies` VALUES ('418', '64', '9', 'Non ut ut blanditiis dolore amet tempora.', '2021-03-15 03:43:13', '2021-03-15 03:43:13');
INSERT INTO `replies` VALUES ('420', '5', '2', 'Expedita vel modi consequatur consequatur voluptas.', '2021-04-09 23:16:55', '2021-04-09 23:16:55');
INSERT INTO `replies` VALUES ('421', '23', '4', 'Perferendis aliquid aliquid consequatur est eligendi.', '2021-03-23 10:41:49', '2021-03-23 10:41:49');
INSERT INTO `replies` VALUES ('422', '97', '2', 'Vero debitis pariatur dicta et.', '2021-04-09 19:49:00', '2021-04-09 19:49:00');
INSERT INTO `replies` VALUES ('423', '1', '4', 'Est corporis qui nobis sequi quis ipsum.', '2021-04-08 12:34:14', '2021-04-08 12:34:14');
INSERT INTO `replies` VALUES ('424', '42', '7', 'Adipisci voluptatibus eius est natus et magni.', '2021-03-16 14:56:01', '2021-03-16 14:56:01');
INSERT INTO `replies` VALUES ('425', '74', '3', 'Labore sit provident labore dolorum quod.', '2021-03-11 04:01:23', '2021-03-11 04:01:23');
INSERT INTO `replies` VALUES ('427', '5', '3', 'Et maiores ab quis reprehenderit pariatur officia quo.', '2021-04-01 12:29:28', '2021-04-01 12:29:28');
INSERT INTO `replies` VALUES ('428', '50', '8', 'Aut incidunt nesciunt ea ea odio iure vero voluptatem.', '2021-04-01 05:32:21', '2021-04-01 05:32:21');
INSERT INTO `replies` VALUES ('430', '47', '3', 'Sint doloremque est voluptatem dolor et et.', '2021-03-14 06:55:18', '2021-03-14 06:55:18');
INSERT INTO `replies` VALUES ('431', '74', '1', 'Aut et provident qui soluta eveniet necessitatibus.', '2021-03-23 22:45:13', '2021-03-23 22:45:13');
INSERT INTO `replies` VALUES ('432', '30', '6', 'Dignissimos error eveniet quod aut minima.', '2021-03-23 11:54:49', '2021-03-23 11:54:49');
INSERT INTO `replies` VALUES ('433', '14', '9', 'Accusantium est ut adipisci non aut consequuntur.', '2021-03-27 20:06:33', '2021-03-27 20:06:33');
INSERT INTO `replies` VALUES ('434', '35', '9', 'Culpa libero soluta quia sapiente.', '2021-04-05 18:57:22', '2021-04-05 18:57:22');
INSERT INTO `replies` VALUES ('435', '16', '5', 'Doloribus non voluptatem et in.', '2021-03-25 22:03:30', '2021-03-25 22:03:30');
INSERT INTO `replies` VALUES ('436', '41', '6', 'Voluptates voluptate possimus voluptatum nobis.', '2021-04-07 08:21:36', '2021-04-07 08:21:36');
INSERT INTO `replies` VALUES ('438', '1', '7', 'Corrupti sit voluptatem quidem suscipit ipsum odit qui.', '2021-03-13 05:15:37', '2021-03-13 05:15:37');
INSERT INTO `replies` VALUES ('440', '58', '7', 'Aut perspiciatis et et quaerat explicabo aut occaecati.', '2021-04-04 04:16:39', '2021-04-04 04:16:39');
INSERT INTO `replies` VALUES ('442', '40', '1', 'Iure ut atque quia dolorem fugiat.', '2021-03-20 22:53:41', '2021-03-20 22:53:41');
INSERT INTO `replies` VALUES ('443', '22', '6', 'At et qui sapiente aut consequuntur.', '2021-04-02 19:30:36', '2021-04-02 19:30:36');
INSERT INTO `replies` VALUES ('444', '61', '6', 'Laudantium non aut minus.', '2021-04-10 03:14:37', '2021-04-10 03:14:37');
INSERT INTO `replies` VALUES ('445', '36', '5', 'Voluptate earum maxime at.', '2021-03-27 18:02:59', '2021-03-27 18:02:59');
INSERT INTO `replies` VALUES ('446', '79', '6', 'Qui dolorum magni voluptatem facilis quos necessitatibus ut.', '2021-03-26 04:38:17', '2021-03-26 04:38:17');
INSERT INTO `replies` VALUES ('447', '34', '5', 'Ratione sint excepturi rerum nemo qui eos qui totam.', '2021-03-19 00:45:01', '2021-03-19 00:45:01');
INSERT INTO `replies` VALUES ('448', '62', '6', 'Officia incidunt ea magni eveniet ut.', '2021-04-10 12:33:18', '2021-04-10 12:33:18');
INSERT INTO `replies` VALUES ('449', '62', '4', 'Sapiente omnis nesciunt mollitia.', '2021-04-10 09:45:38', '2021-04-10 09:45:38');
INSERT INTO `replies` VALUES ('450', '44', '4', 'Cumque et itaque placeat magni necessitatibus.', '2021-03-19 22:09:56', '2021-03-19 22:09:56');
INSERT INTO `replies` VALUES ('451', '43', '5', 'Earum sit incidunt excepturi aut numquam quia ipsam.', '2021-03-16 15:56:43', '2021-03-16 15:56:43');
INSERT INTO `replies` VALUES ('452', '19', '7', 'Pariatur eos qui animi.', '2021-03-15 06:48:09', '2021-03-15 06:48:09');
INSERT INTO `replies` VALUES ('453', '47', '7', 'Vero sunt occaecati consequatur est est saepe vero.', '2021-03-13 16:33:42', '2021-03-13 16:33:42');
INSERT INTO `replies` VALUES ('455', '48', '5', 'Ab provident deserunt a odit.', '2021-04-05 04:55:06', '2021-04-05 04:55:06');
INSERT INTO `replies` VALUES ('457', '55', '8', 'Consequatur omnis quia dolorem odio aliquam perspiciatis.', '2021-04-09 11:15:04', '2021-04-09 11:15:04');
INSERT INTO `replies` VALUES ('458', '15', '1', 'Qui et aut sapiente.', '2021-03-17 05:02:58', '2021-03-17 05:02:58');
INSERT INTO `replies` VALUES ('459', '68', '9', 'Voluptatem architecto quo aut deleniti est voluptatibus quia.', '2021-03-28 22:14:48', '2021-03-28 22:14:48');
INSERT INTO `replies` VALUES ('461', '32', '5', 'Alias consequuntur qui quidem illo voluptate.', '2021-03-20 00:08:07', '2021-03-20 00:08:07');
INSERT INTO `replies` VALUES ('463', '14', '6', 'Nostrum quae aspernatur qui quibusdam quia nihil.', '2021-03-19 19:38:06', '2021-03-19 19:38:06');
INSERT INTO `replies` VALUES ('464', '22', '2', 'Nostrum cupiditate cum illum corporis dicta.', '2021-03-17 12:41:43', '2021-03-17 12:41:43');
INSERT INTO `replies` VALUES ('465', '7', '8', 'Et velit eum tenetur eveniet animi dolor veniam.', '2021-04-01 02:34:52', '2021-04-01 02:34:52');
INSERT INTO `replies` VALUES ('466', '67', '6', 'Culpa repudiandae sint vero omnis qui.', '2021-04-01 00:54:18', '2021-04-01 00:54:18');
INSERT INTO `replies` VALUES ('467', '100', '1', 'Ut non nisi reprehenderit aut labore est.', '2021-03-18 06:55:13', '2021-03-18 06:55:13');
INSERT INTO `replies` VALUES ('468', '79', '3', 'Aliquid atque aspernatur architecto nihil eos.', '2021-04-05 01:26:52', '2021-04-05 01:26:52');
INSERT INTO `replies` VALUES ('469', '62', '7', 'Omnis cumque sint tenetur iste.', '2021-03-11 00:42:51', '2021-03-11 00:42:51');
INSERT INTO `replies` VALUES ('470', '99', '9', 'Ea consequatur labore hic amet aspernatur perspiciatis earum ea.', '2021-03-16 14:49:39', '2021-03-16 14:49:39');
INSERT INTO `replies` VALUES ('471', '9', '6', 'Voluptates consequuntur praesentium aliquid est itaque laboriosam saepe.', '2021-03-17 00:03:10', '2021-03-17 00:03:10');
INSERT INTO `replies` VALUES ('473', '13', '7', 'Necessitatibus deserunt aut harum ipsa.', '2021-03-15 10:29:10', '2021-03-15 10:29:10');
INSERT INTO `replies` VALUES ('474', '79', '8', 'Totam voluptas soluta maxime quidem nemo.', '2021-04-06 02:26:23', '2021-04-06 02:26:23');
INSERT INTO `replies` VALUES ('475', '27', '4', 'Deserunt voluptatum sunt velit in excepturi mollitia dolorem.', '2021-03-19 12:30:29', '2021-03-19 12:30:29');
INSERT INTO `replies` VALUES ('476', '28', '3', 'Architecto rerum iusto illo eum.', '2021-03-21 18:12:10', '2021-03-21 18:12:10');
INSERT INTO `replies` VALUES ('477', '79', '8', 'Earum tempore ipsam nihil quae facilis est.', '2021-03-24 23:07:26', '2021-03-24 23:07:26');
INSERT INTO `replies` VALUES ('479', '98', '7', 'Exercitationem porro ipsa culpa voluptas voluptatem placeat aut illo.', '2021-03-19 06:27:09', '2021-03-19 06:27:09');
INSERT INTO `replies` VALUES ('480', '95', '2', 'Consequatur amet officia aut magni nemo voluptas.', '2021-04-08 13:07:35', '2021-04-08 13:07:35');
INSERT INTO `replies` VALUES ('482', '3', '8', 'Vel est error ut esse omnis ducimus accusantium qui.', '2021-04-02 23:06:27', '2021-04-02 23:06:27');
INSERT INTO `replies` VALUES ('483', '93', '5', 'Quis in perferendis reprehenderit dolore.', '2021-03-25 15:01:40', '2021-03-25 15:01:40');
INSERT INTO `replies` VALUES ('484', '59', '2', 'Quia molestias fugiat in nemo et commodi omnis.', '2021-04-04 06:05:40', '2021-04-04 06:05:40');
INSERT INTO `replies` VALUES ('485', '33', '7', 'Et unde quos est sed ipsam.', '2021-04-09 09:59:08', '2021-04-09 09:59:08');
INSERT INTO `replies` VALUES ('486', '15', '9', 'Saepe non labore dolores odit in.', '2021-03-28 10:22:30', '2021-03-28 10:22:30');
INSERT INTO `replies` VALUES ('487', '1', '5', 'Iusto reiciendis aut laudantium ab ea asperiores.', '2021-03-31 22:06:52', '2021-03-31 22:06:52');
INSERT INTO `replies` VALUES ('488', '43', '8', 'Et consequatur ipsum natus non aut porro.', '2021-03-25 03:36:55', '2021-03-25 03:36:55');
INSERT INTO `replies` VALUES ('489', '33', '2', 'Optio et laborum veritatis sed.', '2021-03-27 16:02:08', '2021-03-27 16:02:08');
INSERT INTO `replies` VALUES ('490', '74', '7', 'Quia qui sint fuga cumque voluptas praesentium sed.', '2021-03-17 02:13:20', '2021-03-17 02:13:20');
INSERT INTO `replies` VALUES ('491', '51', '5', 'Inventore et eos nesciunt laboriosam.', '2021-03-12 14:46:48', '2021-03-12 14:46:48');
INSERT INTO `replies` VALUES ('492', '71', '1', 'Nobis possimus sint ut libero quos distinctio consequatur.', '2021-03-19 05:11:45', '2021-03-19 05:11:45');
INSERT INTO `replies` VALUES ('493', '71', '2', 'Ipsa ea natus rem aut distinctio.', '2021-04-09 14:02:30', '2021-04-09 14:02:30');
INSERT INTO `replies` VALUES ('494', '34', '1', 'Animi recusandae quam dolorum sapiente ut excepturi.', '2021-03-29 02:06:58', '2021-03-29 02:06:58');
INSERT INTO `replies` VALUES ('495', '84', '2', 'Eius consequatur ducimus in cum rerum magnam.', '2021-03-22 22:02:37', '2021-03-22 22:02:37');
INSERT INTO `replies` VALUES ('496', '37', '6', 'In id placeat dolor dolorem est.', '2021-03-27 07:13:33', '2021-03-27 07:13:33');
INSERT INTO `replies` VALUES ('497', '71', '6', 'Voluptatum quidem molestiae culpa.', '2021-04-09 12:12:59', '2021-04-09 12:12:59');
INSERT INTO `replies` VALUES ('498', '100', '7', 'Optio maxime officia amet et quia ut temporibus.', '2021-03-27 02:32:31', '2021-03-27 02:32:31');
INSERT INTO `replies` VALUES ('499', '57', '7', 'Earum nobis id recusandae quos.', '2021-04-06 01:41:42', '2021-04-06 01:41:42');
INSERT INTO `replies` VALUES ('500', '30', '4', 'Sunt quis autem eligendi non.', '2021-04-03 11:15:38', '2021-04-03 11:15:38');
INSERT INTO `replies` VALUES ('501', '44', '4', 'Eligendi illo ipsam ipsam.', '2021-03-23 12:22:08', '2021-03-23 12:22:08');
INSERT INTO `replies` VALUES ('502', '25', '8', 'Quos minima a et rerum earum.', '2021-03-31 01:31:13', '2021-03-31 01:31:13');
INSERT INTO `replies` VALUES ('503', '14', '2', 'Voluptates iure quia quidem occaecati.', '2021-03-24 04:43:37', '2021-03-24 04:43:37');
INSERT INTO `replies` VALUES ('504', '3', '1', 'Consectetur illo in quia.', '2021-03-25 21:54:04', '2021-03-25 21:54:04');
INSERT INTO `replies` VALUES ('505', '50', '9', 'Quaerat repellendus rerum voluptatum et est occaecati.', '2021-03-21 12:29:39', '2021-03-21 12:29:39');
INSERT INTO `replies` VALUES ('506', '62', '2', 'Nulla perspiciatis vel vel veritatis earum natus.', '2021-03-25 01:37:21', '2021-03-25 01:37:21');
INSERT INTO `replies` VALUES ('508', '35', '3', 'Voluptate est illum accusamus et vel eius occaecati.', '2021-04-08 18:07:11', '2021-04-08 18:07:11');
INSERT INTO `replies` VALUES ('509', '45', '3', 'Similique sed nihil rerum molestiae.', '2021-03-20 04:51:52', '2021-03-20 04:51:52');
INSERT INTO `replies` VALUES ('511', '59', '3', 'Occaecati et quae quod dolor deleniti nulla quasi.', '2021-03-26 02:03:41', '2021-03-26 02:03:41');
INSERT INTO `replies` VALUES ('512', '80', '2', 'Maxime modi voluptatem dolor expedita adipisci et.', '2021-04-04 09:36:11', '2021-04-04 09:36:11');
INSERT INTO `replies` VALUES ('513', '25', '7', 'Qui at aut possimus.', '2021-03-16 22:50:27', '2021-03-16 22:50:27');
INSERT INTO `replies` VALUES ('514', '10', '7', 'Ad sunt nihil inventore est veritatis illum.', '2021-03-30 16:58:58', '2021-03-30 16:58:58');
INSERT INTO `replies` VALUES ('515', '75', '7', 'Magnam aliquid sunt recusandae quo dicta molestias praesentium.', '2021-03-18 14:27:37', '2021-03-18 14:27:37');
INSERT INTO `replies` VALUES ('516', '51', '2', 'Accusamus et quasi ut et nam nostrum est.', '2021-04-02 14:01:05', '2021-04-02 14:01:05');
INSERT INTO `replies` VALUES ('517', '62', '6', 'Illo numquam debitis eaque libero distinctio saepe.', '2021-03-24 17:44:49', '2021-03-24 17:44:49');
INSERT INTO `replies` VALUES ('518', '12', '1', 'Aut amet enim dolores quia at.', '2021-03-24 11:05:15', '2021-03-24 11:05:15');
INSERT INTO `replies` VALUES ('520', '57', '2', 'Enim et mollitia odit tenetur facere cupiditate.', '2021-04-07 19:02:19', '2021-04-07 19:02:19');
INSERT INTO `replies` VALUES ('521', '36', '8', 'Architecto quas sunt a sed laboriosam.', '2021-03-12 04:40:12', '2021-03-12 04:40:12');
INSERT INTO `replies` VALUES ('522', '74', '7', 'Natus dolorum expedita maxime quia non minus.', '2021-04-03 06:13:50', '2021-04-03 06:13:50');
INSERT INTO `replies` VALUES ('524', '59', '7', 'Odio delectus et totam ex est totam velit omnis.', '2021-03-31 17:49:17', '2021-03-31 17:49:17');
INSERT INTO `replies` VALUES ('525', '91', '5', 'Architecto veritatis sapiente qui voluptatem.', '2021-03-17 18:02:30', '2021-03-17 18:02:30');
INSERT INTO `replies` VALUES ('526', '58', '5', 'Omnis voluptatibus sint excepturi libero est unde.', '2021-04-07 13:41:34', '2021-04-07 13:41:34');
INSERT INTO `replies` VALUES ('527', '84', '2', 'Ut sequi beatae voluptate quas adipisci et voluptas.', '2021-03-24 01:50:32', '2021-03-24 01:50:32');
INSERT INTO `replies` VALUES ('529', '87', '5', 'Dolores quia est amet repudiandae explicabo qui.', '2021-03-14 14:19:47', '2021-03-14 14:19:47');
INSERT INTO `replies` VALUES ('531', '65', '5', 'Quos nobis adipisci ea.', '2021-03-25 01:16:11', '2021-03-25 01:16:11');
INSERT INTO `replies` VALUES ('532', '13', '8', 'Voluptates maiores maxime aspernatur odit.', '2021-03-29 17:36:06', '2021-03-29 17:36:06');
INSERT INTO `replies` VALUES ('534', '41', '9', 'Omnis debitis nostrum ut.', '2021-04-10 16:54:13', '2021-04-10 16:54:13');
INSERT INTO `replies` VALUES ('536', '1', '5', 'Magni sed occaecati nam nisi.', '2021-04-08 19:07:05', '2021-04-08 19:07:05');
INSERT INTO `replies` VALUES ('537', '52', '2', 'Quas quos corporis vel.', '2021-03-17 07:21:13', '2021-03-17 07:21:13');
INSERT INTO `replies` VALUES ('538', '53', '3', 'Illum alias quis omnis quod modi temporibus temporibus.', '2021-03-17 11:20:48', '2021-03-17 11:20:48');
INSERT INTO `replies` VALUES ('539', '11', '3', 'Dolorem eos id voluptatem hic est.', '2021-03-22 08:40:31', '2021-03-22 08:40:31');
INSERT INTO `replies` VALUES ('540', '38', '5', 'Sed repellendus enim aliquam distinctio est.', '2021-03-19 01:49:55', '2021-03-19 01:49:55');
INSERT INTO `replies` VALUES ('541', '59', '5', 'Est vero perspiciatis provident dolores.', '2021-03-24 12:50:52', '2021-03-24 12:50:52');
INSERT INTO `replies` VALUES ('542', '29', '6', 'Sed vero ducimus sit consequatur omnis enim incidunt deserunt.', '2021-04-04 09:06:21', '2021-04-04 09:06:21');
INSERT INTO `replies` VALUES ('543', '82', '6', 'Deserunt similique ullam sunt delectus.', '2021-04-04 21:12:34', '2021-04-04 21:12:34');
INSERT INTO `replies` VALUES ('544', '73', '2', 'Expedita qui corporis sint amet distinctio explicabo.', '2021-03-30 05:18:42', '2021-03-30 05:18:42');
INSERT INTO `replies` VALUES ('545', '44', '6', 'Qui dicta est sequi quis.', '2021-03-14 14:51:32', '2021-03-14 14:51:32');
INSERT INTO `replies` VALUES ('546', '24', '3', 'Nihil sed non nobis ex voluptas neque.', '2021-04-04 03:55:05', '2021-04-04 03:55:05');
INSERT INTO `replies` VALUES ('547', '87', '9', 'Reprehenderit et earum in vero harum recusandae accusamus.', '2021-03-10 19:17:09', '2021-03-10 19:17:09');
INSERT INTO `replies` VALUES ('548', '23', '6', 'Voluptas cumque eos neque itaque ducimus dolorem explicabo.', '2021-03-24 18:49:45', '2021-03-24 18:49:45');
INSERT INTO `replies` VALUES ('549', '55', '4', 'Consequuntur blanditiis sed fugiat libero eum expedita.', '2021-04-05 11:58:05', '2021-04-05 11:58:05');
INSERT INTO `replies` VALUES ('550', '12', '7', 'Adipisci autem dolores suscipit ut rerum.', '2021-03-23 18:58:13', '2021-03-23 18:58:13');
INSERT INTO `replies` VALUES ('552', '9', '1', 'Est laborum voluptatem repellendus.', '2021-04-01 20:52:58', '2021-04-01 20:52:58');
INSERT INTO `replies` VALUES ('553', '5', '5', 'Quia ipsam eligendi iste veritatis in rerum quisquam.', '2021-04-06 04:55:09', '2021-04-06 04:55:09');
INSERT INTO `replies` VALUES ('554', '43', '9', 'Officiis quis sit unde alias eligendi quo tempore nisi.', '2021-03-31 09:57:39', '2021-03-31 09:57:39');
INSERT INTO `replies` VALUES ('555', '53', '3', 'Fugit et consequatur et et.', '2021-03-23 07:02:02', '2021-03-23 07:02:02');
INSERT INTO `replies` VALUES ('556', '56', '2', 'Quod id possimus laborum necessitatibus.', '2021-03-19 04:13:48', '2021-03-19 04:13:48');
INSERT INTO `replies` VALUES ('557', '100', '6', 'Doloribus quasi nobis at porro possimus voluptatem et.', '2021-03-19 20:10:51', '2021-03-19 20:10:51');
INSERT INTO `replies` VALUES ('558', '55', '3', 'Nemo molestiae rerum libero expedita assumenda.', '2021-03-14 16:44:07', '2021-03-14 16:44:07');
INSERT INTO `replies` VALUES ('559', '23', '8', 'Eligendi vero iure alias enim porro recusandae quisquam incidunt.', '2021-04-06 14:55:18', '2021-04-06 14:55:18');
INSERT INTO `replies` VALUES ('560', '56', '5', 'Sunt ut minima molestiae accusantium minus.', '2021-04-04 23:54:40', '2021-04-04 23:54:40');
INSERT INTO `replies` VALUES ('561', '82', '2', 'In aut esse alias iusto maxime sit aliquam.', '2021-04-04 18:25:34', '2021-04-04 18:25:34');
INSERT INTO `replies` VALUES ('563', '12', '3', 'Distinctio ut qui illo est et enim nobis.', '2021-03-23 16:25:32', '2021-03-23 16:25:32');
INSERT INTO `replies` VALUES ('564', '36', '2', 'Repudiandae dolor commodi sit voluptas officia porro et.', '2021-03-28 12:20:01', '2021-03-28 12:20:01');
INSERT INTO `replies` VALUES ('565', '99', '3', 'Blanditiis dolor assumenda et repellendus est officia porro et.', '2021-03-15 18:55:03', '2021-03-15 18:55:03');
INSERT INTO `replies` VALUES ('566', '8', '3', 'Sunt quas rerum est magni nemo.', '2021-03-23 03:42:43', '2021-03-23 03:42:43');
INSERT INTO `replies` VALUES ('567', '3', '6', 'Voluptatum quos minima consequatur ab cum.', '2021-03-16 00:31:48', '2021-03-16 00:31:48');
INSERT INTO `replies` VALUES ('568', '90', '4', 'Dolore eum asperiores cupiditate at animi itaque.', '2021-03-25 18:00:37', '2021-03-25 18:00:37');
INSERT INTO `replies` VALUES ('569', '3', '6', 'Sint debitis neque ab recusandae.', '2021-04-03 13:22:34', '2021-04-03 13:22:34');
INSERT INTO `replies` VALUES ('570', '53', '5', 'Enim dolores facilis officia rerum.', '2021-04-03 22:55:38', '2021-04-03 22:55:38');
INSERT INTO `replies` VALUES ('571', '35', '5', 'Provident et quibusdam quia sit omnis laboriosam et.', '2021-04-04 06:53:11', '2021-04-04 06:53:11');
INSERT INTO `replies` VALUES ('572', '23', '3', 'Qui officiis eligendi vel dolor temporibus reprehenderit id sit.', '2021-04-10 15:34:33', '2021-04-10 15:34:33');
INSERT INTO `replies` VALUES ('573', '94', '2', 'Repellat voluptas id dolores eius.', '2021-03-17 11:04:26', '2021-03-17 11:04:26');
INSERT INTO `replies` VALUES ('574', '19', '7', 'Suscipit optio et nobis est.', '2021-03-24 20:37:37', '2021-03-24 20:37:37');
INSERT INTO `replies` VALUES ('575', '64', '9', 'Pariatur inventore dolorem maxime saepe autem deleniti impedit.', '2021-03-11 02:45:36', '2021-03-11 02:45:36');
INSERT INTO `replies` VALUES ('576', '26', '1', 'Perspiciatis neque ut neque reiciendis et.', '2021-04-06 12:05:44', '2021-04-06 12:05:44');
INSERT INTO `replies` VALUES ('577', '78', '8', 'Aliquid voluptas adipisci excepturi illum id laboriosam et facilis.', '2021-03-24 04:06:49', '2021-03-24 04:06:49');
INSERT INTO `replies` VALUES ('579', '97', '5', 'Qui voluptates ut maxime consequatur.', '2021-03-10 23:32:56', '2021-03-10 23:32:56');
INSERT INTO `replies` VALUES ('580', '5', '5', 'Velit illum deserunt et delectus.', '2021-03-15 06:02:56', '2021-03-15 06:02:56');
INSERT INTO `replies` VALUES ('582', '49', '5', 'Consequuntur id temporibus magni et autem sapiente quis.', '2021-03-30 21:53:43', '2021-03-30 21:53:43');
INSERT INTO `replies` VALUES ('584', '35', '5', 'Recusandae harum sint consequatur voluptatem.', '2021-03-14 05:07:44', '2021-03-14 05:07:44');
INSERT INTO `replies` VALUES ('585', '26', '5', 'Magni quis porro quo facere.', '2021-03-29 21:35:02', '2021-03-29 21:35:02');
INSERT INTO `replies` VALUES ('586', '25', '5', 'Expedita ut provident ipsam aut aut quaerat sed velit.', '2021-04-04 06:07:29', '2021-04-04 06:07:29');
INSERT INTO `replies` VALUES ('587', '34', '5', 'Sapiente repellendus corrupti officiis quae.', '2021-04-04 03:18:39', '2021-04-04 03:18:39');
INSERT INTO `replies` VALUES ('589', '91', '7', 'Sit quisquam iure est consequatur placeat vitae.', '2021-03-23 13:28:42', '2021-03-23 13:28:42');
INSERT INTO `replies` VALUES ('590', '82', '9', 'Non quibusdam necessitatibus et est placeat accusamus assumenda voluptatem.', '2021-04-03 09:34:56', '2021-04-03 09:34:56');
INSERT INTO `replies` VALUES ('591', '98', '6', 'Quo qui a odio.', '2021-03-28 05:54:41', '2021-03-28 05:54:41');
INSERT INTO `replies` VALUES ('592', '52', '3', 'At facilis molestiae voluptas sint.', '2021-03-13 04:50:57', '2021-03-13 04:50:57');
INSERT INTO `replies` VALUES ('593', '42', '2', 'Atque quia amet autem autem consequatur impedit dolores.', '2021-03-25 11:05:10', '2021-03-25 11:05:10');
INSERT INTO `replies` VALUES ('594', '80', '3', 'Aliquam deleniti nemo et officia et sed eum.', '2021-04-06 22:52:12', '2021-04-06 22:52:12');
INSERT INTO `replies` VALUES ('596', '49', '2', 'Iste dolores ut accusantium ea culpa officia.', '2021-03-30 19:26:57', '2021-03-30 19:26:57');
INSERT INTO `replies` VALUES ('597', '19', '8', 'Quo magni optio et.', '2021-04-01 03:55:21', '2021-04-01 03:55:21');
INSERT INTO `replies` VALUES ('598', '5', '5', 'Sit maxime nesciunt et iure quibusdam.', '2021-03-29 02:30:12', '2021-03-29 02:30:12');
INSERT INTO `replies` VALUES ('599', '98', '4', 'Id sit et aut et impedit incidunt culpa.', '2021-04-09 17:09:06', '2021-04-09 17:09:06');
INSERT INTO `replies` VALUES ('600', '98', '5', 'Nesciunt quibusdam aliquid eius quia.', '2021-03-21 02:53:49', '2021-03-21 02:53:49');
INSERT INTO `replies` VALUES ('601', '69', '3', 'Consequatur qui ut et earum culpa vel.', '2021-03-16 06:19:32', '2021-03-16 06:19:32');
INSERT INTO `replies` VALUES ('602', '54', '7', 'Blanditiis exercitationem incidunt deserunt quo.', '2021-04-03 13:50:03', '2021-04-03 13:50:03');
INSERT INTO `replies` VALUES ('603', '65', '7', 'Dicta molestias voluptatem quia fugiat quo animi.', '2021-03-13 15:59:27', '2021-03-13 15:59:27');
INSERT INTO `replies` VALUES ('604', '75', '7', 'Accusantium id sed nobis eveniet quia.', '2021-04-06 17:09:54', '2021-04-06 17:09:54');
INSERT INTO `replies` VALUES ('605', '3', '7', 'Non doloribus modi voluptas sequi porro facilis nostrum corporis.', '2021-03-17 03:00:34', '2021-03-17 03:00:34');
INSERT INTO `replies` VALUES ('606', '1', '6', 'Veniam et quibusdam modi molestiae sequi corporis.', '2021-03-14 04:14:16', '2021-03-14 04:14:16');
INSERT INTO `replies` VALUES ('607', '25', '9', 'Adipisci eveniet eligendi quod.', '2021-03-30 04:45:44', '2021-03-30 04:45:44');
INSERT INTO `replies` VALUES ('608', '56', '5', 'Pariatur veniam quia sit recusandae consectetur praesentium id.', '2021-03-11 21:30:17', '2021-03-11 21:30:17');
INSERT INTO `replies` VALUES ('609', '57', '6', 'Ipsa et id et maxime sint enim voluptate quod.', '2021-03-21 22:56:08', '2021-03-21 22:56:08');
INSERT INTO `replies` VALUES ('610', '69', '5', 'Vitae dolorem eos inventore nihil dolorum reiciendis eaque voluptas.', '2021-03-17 05:18:33', '2021-03-17 05:18:33');
INSERT INTO `replies` VALUES ('611', '89', '4', 'Dolores qui optio debitis.', '2021-04-07 01:09:28', '2021-04-07 01:09:28');
INSERT INTO `replies` VALUES ('612', '22', '5', 'A repudiandae excepturi aut alias.', '2021-03-28 16:28:34', '2021-03-28 16:28:34');
INSERT INTO `replies` VALUES ('613', '26', '5', 'Cumque et numquam optio rerum amet veniam.', '2021-03-12 04:46:15', '2021-03-12 04:46:15');
INSERT INTO `replies` VALUES ('614', '31', '8', 'Officiis excepturi tempore ipsam et odit distinctio voluptas.', '2021-03-12 06:49:47', '2021-03-12 06:49:47');
INSERT INTO `replies` VALUES ('615', '66', '9', 'Perferendis voluptates et et quas ea quidem.', '2021-04-07 09:36:28', '2021-04-07 09:36:28');
INSERT INTO `replies` VALUES ('616', '93', '7', 'Temporibus fugit ut delectus ut quia rerum ipsum minima.', '2021-03-12 15:41:15', '2021-03-12 15:41:15');
INSERT INTO `replies` VALUES ('617', '84', '6', 'Tempora odio quisquam voluptatem.', '2021-03-28 05:31:44', '2021-03-28 05:31:44');
INSERT INTO `replies` VALUES ('618', '88', '1', 'Aliquid itaque aut in.', '2021-03-27 11:56:49', '2021-03-27 11:56:49');
INSERT INTO `replies` VALUES ('619', '11', '8', 'Et molestiae soluta sit ducimus quia rem.', '2021-03-11 16:33:53', '2021-03-11 16:33:53');
INSERT INTO `replies` VALUES ('620', '26', '3', 'Accusantium accusantium qui sit quis.', '2021-03-14 12:55:59', '2021-03-14 12:55:59');
INSERT INTO `replies` VALUES ('621', '93', '2', 'Illum esse eveniet et nostrum et qui.', '2021-03-29 12:09:33', '2021-03-29 12:09:33');
INSERT INTO `replies` VALUES ('622', '73', '7', 'Nobis beatae velit consectetur magni esse ut et.', '2021-04-05 10:22:08', '2021-04-05 10:22:08');
INSERT INTO `replies` VALUES ('623', '11', '9', 'Tempore id voluptas occaecati ipsa.', '2021-04-10 02:48:39', '2021-04-10 02:48:39');
INSERT INTO `replies` VALUES ('624', '62', '8', 'Voluptatibus debitis alias officia exercitationem.', '2021-03-13 02:18:49', '2021-03-13 02:18:49');
INSERT INTO `replies` VALUES ('625', '19', '7', 'Voluptatem quia ut ut distinctio.', '2021-03-19 16:43:29', '2021-03-19 16:43:29');
INSERT INTO `replies` VALUES ('626', '59', '1', 'Sit cumque nihil quam libero.', '2021-03-23 18:50:11', '2021-03-23 18:50:11');
INSERT INTO `replies` VALUES ('627', '79', '3', 'Aut magnam illo vero ipsum voluptates sit velit.', '2021-03-21 05:31:14', '2021-03-21 05:31:14');
INSERT INTO `replies` VALUES ('628', '11', '3', 'Temporibus aliquid debitis sit nostrum reiciendis harum quia.', '2021-03-30 16:48:32', '2021-03-30 16:48:32');
INSERT INTO `replies` VALUES ('629', '24', '3', 'Libero sed commodi nihil illo.', '2021-03-15 08:18:54', '2021-03-15 08:18:54');
INSERT INTO `replies` VALUES ('630', '20', '1', 'Ea velit aut at aspernatur vel voluptatem numquam.', '2021-03-14 13:32:54', '2021-03-14 13:32:54');
INSERT INTO `replies` VALUES ('631', '48', '6', 'Consequatur maiores nam vel pariatur ullam nam.', '2021-03-19 16:46:54', '2021-03-19 16:46:54');
INSERT INTO `replies` VALUES ('632', '55', '9', 'Eum magnam est quo quae blanditiis eos voluptates.', '2021-03-15 05:58:01', '2021-03-15 05:58:01');
INSERT INTO `replies` VALUES ('633', '75', '3', 'Suscipit illum optio natus consequatur.', '2021-03-20 01:19:00', '2021-03-20 01:19:00');
INSERT INTO `replies` VALUES ('634', '63', '7', 'Natus nesciunt voluptatem est accusantium numquam odit doloribus dolores.', '2021-03-30 10:04:24', '2021-03-30 10:04:24');
INSERT INTO `replies` VALUES ('635', '10', '1', 'Dolor deleniti quae consequuntur ducimus molestiae.', '2021-03-29 03:30:08', '2021-03-29 03:30:08');
INSERT INTO `replies` VALUES ('636', '86', '3', 'Velit et et explicabo similique ratione quam facere natus.', '2021-03-19 18:36:12', '2021-03-19 18:36:12');
INSERT INTO `replies` VALUES ('637', '26', '5', 'Eos repellat reiciendis veniam quae ut consequatur.', '2021-03-13 12:20:17', '2021-03-13 12:20:17');
INSERT INTO `replies` VALUES ('638', '30', '4', 'Officiis ut quasi est autem voluptas dignissimos occaecati.', '2021-03-13 08:10:47', '2021-03-13 08:10:47');
INSERT INTO `replies` VALUES ('641', '90', '4', 'Eveniet amet velit blanditiis et est.', '2021-04-01 17:57:57', '2021-04-01 17:57:57');
INSERT INTO `replies` VALUES ('643', '65', '3', 'Neque qui doloremque neque magnam.', '2021-04-08 19:32:37', '2021-04-08 19:32:37');
INSERT INTO `replies` VALUES ('644', '63', '2', 'Atque sed consequuntur ratione consequatur perspiciatis cum praesentium maiores.', '2021-03-27 04:38:00', '2021-03-27 04:38:00');
INSERT INTO `replies` VALUES ('645', '67', '3', 'Porro porro officiis qui facilis nesciunt magnam qui.', '2021-04-08 02:05:56', '2021-04-08 02:05:56');
INSERT INTO `replies` VALUES ('646', '58', '4', 'Fugiat ullam eum similique incidunt quidem accusamus.', '2021-04-02 19:16:39', '2021-04-02 19:16:39');
INSERT INTO `replies` VALUES ('647', '89', '3', 'Autem harum officiis non laudantium.', '2021-04-06 02:11:31', '2021-04-06 02:11:31');
INSERT INTO `replies` VALUES ('648', '75', '4', 'Aut voluptas quis minima aperiam quis earum.', '2021-03-19 11:46:40', '2021-03-19 11:46:40');
INSERT INTO `replies` VALUES ('651', '71', '7', 'Omnis iste eos repellendus.', '2021-03-22 06:54:38', '2021-03-22 06:54:38');
INSERT INTO `replies` VALUES ('652', '5', '4', 'Unde eum id blanditiis eum.', '2021-03-23 01:18:45', '2021-03-23 01:18:45');
INSERT INTO `replies` VALUES ('653', '34', '6', 'Id aut nihil voluptatem et minima doloremque.', '2021-03-15 02:52:33', '2021-03-15 02:52:33');
INSERT INTO `replies` VALUES ('655', '85', '2', 'Soluta ipsam sed alias sit et quo quae.', '2021-04-02 14:50:28', '2021-04-02 14:50:28');
INSERT INTO `replies` VALUES ('657', '9', '1', 'Dolor qui repellendus enim libero nobis eos.', '2021-03-23 17:15:19', '2021-03-23 17:15:19');
INSERT INTO `replies` VALUES ('658', '99', '9', 'Pariatur qui dolorum consequatur optio repellat.', '2021-04-03 09:15:59', '2021-04-03 09:15:59');
INSERT INTO `replies` VALUES ('659', '72', '9', 'Atque placeat exercitationem libero dolore.', '2021-03-31 18:44:58', '2021-03-31 18:44:58');
INSERT INTO `replies` VALUES ('661', '9', '8', 'Voluptatum eveniet beatae labore explicabo.', '2021-03-26 12:34:39', '2021-03-26 12:34:39');
INSERT INTO `replies` VALUES ('662', '22', '6', 'Ex consequatur modi dolor quibusdam.', '2021-03-16 01:57:40', '2021-03-16 01:57:40');
INSERT INTO `replies` VALUES ('663', '19', '3', 'Excepturi doloremque saepe minus itaque minima doloribus voluptatum qui.', '2021-03-23 05:52:12', '2021-03-23 05:52:12');
INSERT INTO `replies` VALUES ('664', '12', '8', 'Quisquam est repellendus ducimus mollitia voluptatem enim.', '2021-03-30 20:26:11', '2021-03-30 20:26:11');
INSERT INTO `replies` VALUES ('665', '50', '6', 'Commodi asperiores velit sed consequatur pariatur quibusdam nesciunt.', '2021-03-26 08:27:31', '2021-03-26 08:27:31');
INSERT INTO `replies` VALUES ('667', '100', '7', 'Omnis quia et nihil alias in.', '2021-04-04 16:47:07', '2021-04-04 16:47:07');
INSERT INTO `replies` VALUES ('668', '89', '2', 'Et hic molestiae mollitia cumque.', '2021-03-11 16:05:41', '2021-03-11 16:05:41');
INSERT INTO `replies` VALUES ('670', '51', '1', 'Omnis iste architecto alias quia qui.', '2021-04-06 15:23:22', '2021-04-06 15:23:22');
INSERT INTO `replies` VALUES ('671', '91', '6', 'Voluptatibus veritatis ducimus quas ad ex nihil ipsa.', '2021-04-08 21:29:26', '2021-04-08 21:29:26');
INSERT INTO `replies` VALUES ('672', '11', '9', 'Expedita minima voluptatem repudiandae animi qui culpa perferendis.', '2021-03-26 19:14:53', '2021-03-26 19:14:53');
INSERT INTO `replies` VALUES ('673', '23', '8', 'Non magnam dolor error quisquam sit magni repudiandae minima.', '2021-03-26 02:01:45', '2021-03-26 02:01:45');
INSERT INTO `replies` VALUES ('674', '89', '2', 'Architecto est autem dicta porro.', '2021-04-02 17:27:54', '2021-04-02 17:27:54');
INSERT INTO `replies` VALUES ('675', '23', '5', 'Aut harum recusandae rem.', '2021-03-11 10:07:26', '2021-03-11 10:07:26');
INSERT INTO `replies` VALUES ('676', '34', '2', 'Est ut occaecati facere.', '2021-04-03 15:24:10', '2021-04-03 15:24:10');
INSERT INTO `replies` VALUES ('677', '15', '5', 'Sequi dolorem sed libero.', '2021-04-04 04:45:41', '2021-04-04 04:45:41');
INSERT INTO `replies` VALUES ('679', '13', '9', 'Velit aut tempora voluptas a adipisci porro.', '2021-03-22 22:25:49', '2021-03-22 22:25:49');
INSERT INTO `replies` VALUES ('680', '47', '5', 'Vero commodi qui ab ipsum.', '2021-03-31 14:43:54', '2021-03-31 14:43:54');
INSERT INTO `replies` VALUES ('681', '38', '8', 'Est et magni nulla veniam et ducimus.', '2021-04-03 05:13:30', '2021-04-03 05:13:30');
INSERT INTO `replies` VALUES ('682', '91', '9', 'Dolorum sunt aliquam sapiente ipsum quia.', '2021-03-26 08:39:25', '2021-03-26 08:39:25');
INSERT INTO `replies` VALUES ('683', '68', '7', 'Porro nam rerum impedit ab eos saepe.', '2021-03-16 00:02:54', '2021-03-16 00:02:54');
INSERT INTO `replies` VALUES ('684', '26', '3', 'Eum ut impedit totam necessitatibus excepturi quae blanditiis et.', '2021-04-05 12:59:30', '2021-04-05 12:59:30');
INSERT INTO `replies` VALUES ('685', '83', '4', 'Earum qui ea veniam ab deserunt deserunt quam.', '2021-03-28 06:41:18', '2021-03-28 06:41:18');
INSERT INTO `replies` VALUES ('687', '100', '3', 'Nihil odio distinctio modi ad rerum sint.', '2021-03-18 07:45:38', '2021-03-18 07:45:38');
INSERT INTO `replies` VALUES ('689', '60', '5', 'Quod ut et aut et necessitatibus at.', '2021-03-29 03:43:24', '2021-03-29 03:43:24');
INSERT INTO `replies` VALUES ('690', '26', '8', 'Molestias itaque repudiandae tempora est non ex.', '2021-03-28 07:13:24', '2021-03-28 07:13:24');
INSERT INTO `replies` VALUES ('691', '97', '1', 'Nihil est pariatur quibusdam saepe eum exercitationem id.', '2021-03-26 07:05:29', '2021-03-26 07:05:29');
INSERT INTO `replies` VALUES ('693', '56', '9', 'Quis quae aut in eos dolor.', '2021-03-22 22:59:36', '2021-03-22 22:59:36');
INSERT INTO `replies` VALUES ('696', '58', '8', 'Quis aut sed quo autem ducimus quia qui.', '2021-04-10 07:33:59', '2021-04-10 07:33:59');
INSERT INTO `replies` VALUES ('698', '21', '2', 'Et sint sed excepturi.', '2021-03-16 18:17:09', '2021-03-16 18:17:09');
INSERT INTO `replies` VALUES ('700', '78', '4', 'Est non qui minima nemo.', '2021-03-24 03:14:06', '2021-03-24 03:14:06');
INSERT INTO `replies` VALUES ('702', '49', '7', 'Qui ut culpa et dignissimos dicta.', '2021-03-27 01:04:39', '2021-03-27 01:04:39');
INSERT INTO `replies` VALUES ('703', '88', '6', 'Repellendus recusandae modi nulla excepturi sit consequatur ducimus.', '2021-03-13 06:55:06', '2021-03-13 06:55:06');
INSERT INTO `replies` VALUES ('704', '100', '1', 'Reprehenderit consequatur totam ut nostrum hic temporibus culpa et.', '2021-03-10 21:13:40', '2021-03-10 21:13:40');
INSERT INTO `replies` VALUES ('705', '50', '6', 'Unde fuga velit sit dolore sit quis reiciendis.', '2021-04-05 16:43:18', '2021-04-05 16:43:18');
INSERT INTO `replies` VALUES ('706', '37', '3', 'Quia aut non dolores.', '2021-03-27 15:33:35', '2021-03-27 15:33:35');
INSERT INTO `replies` VALUES ('709', '57', '8', 'Modi sapiente ipsa rem ut voluptates sequi repellendus.', '2021-04-06 01:46:47', '2021-04-06 01:46:47');
INSERT INTO `replies` VALUES ('710', '77', '2', 'Ut dolorum sed atque nihil modi.', '2021-04-02 09:15:43', '2021-04-02 09:15:43');
INSERT INTO `replies` VALUES ('711', '24', '2', 'Cum praesentium illum perferendis laudantium eligendi aut reprehenderit.', '2021-04-09 21:12:25', '2021-04-09 21:12:25');
INSERT INTO `replies` VALUES ('712', '54', '4', 'Qui molestiae vel voluptatem a omnis et.', '2021-03-22 10:54:29', '2021-03-22 10:54:29');
INSERT INTO `replies` VALUES ('713', '9', '5', 'Dolorum quis molestiae sint vitae voluptas expedita.', '2021-03-29 01:22:28', '2021-03-29 01:22:28');
INSERT INTO `replies` VALUES ('714', '64', '2', 'Modi quod voluptatem ea quibusdam officiis omnis.', '2021-04-02 08:09:57', '2021-04-02 08:09:57');
INSERT INTO `replies` VALUES ('715', '46', '9', 'Rem voluptatem distinctio facilis qui quaerat molestiae dolores nihil.', '2021-04-03 11:35:46', '2021-04-03 11:35:46');
INSERT INTO `replies` VALUES ('716', '15', '8', 'Excepturi necessitatibus magnam dolorem sequi.', '2021-03-13 12:12:25', '2021-03-13 12:12:25');
INSERT INTO `replies` VALUES ('717', '6', '9', 'Officia autem nemo libero odit molestiae et numquam.', '2021-03-23 19:29:38', '2021-03-23 19:29:38');
INSERT INTO `replies` VALUES ('719', '78', '7', 'Velit dolorem culpa quasi eum natus.', '2021-03-22 08:59:52', '2021-03-22 08:59:52');
INSERT INTO `replies` VALUES ('720', '99', '2', 'Aut hic eligendi accusamus magni corrupti harum.', '2021-04-09 12:58:48', '2021-04-09 12:58:48');
INSERT INTO `replies` VALUES ('721', '34', '8', 'Qui ut ducimus dolor quam voluptas dolorem.', '2021-03-14 16:38:54', '2021-03-14 16:38:54');
INSERT INTO `replies` VALUES ('722', '67', '1', 'Perspiciatis labore dolor eos reprehenderit.', '2021-03-16 15:15:59', '2021-03-16 15:15:59');
INSERT INTO `replies` VALUES ('724', '1', '5', 'Laudantium tempore qui sunt et blanditiis dolorem.', '2021-04-03 00:45:45', '2021-04-03 00:45:45');
INSERT INTO `replies` VALUES ('725', '32', '7', 'Iste quo id ea.', '2021-04-05 05:40:16', '2021-04-05 05:40:16');
INSERT INTO `replies` VALUES ('727', '73', '7', 'Quaerat molestiae tempora eius ut voluptate.', '2021-03-20 11:52:59', '2021-03-20 11:52:59');
INSERT INTO `replies` VALUES ('728', '48', '7', 'Autem esse ea atque ea.', '2021-03-12 14:32:36', '2021-03-12 14:32:36');
INSERT INTO `replies` VALUES ('729', '64', '9', 'Laboriosam aut unde aut pariatur veritatis velit assumenda.', '2021-03-17 22:33:01', '2021-03-17 22:33:01');
INSERT INTO `replies` VALUES ('730', '95', '6', 'Nam consequuntur in ut dolores repellendus assumenda.', '2021-03-11 08:57:34', '2021-03-11 08:57:34');
INSERT INTO `replies` VALUES ('731', '73', '4', 'Rerum aspernatur iure ut eaque accusamus.', '2021-03-31 15:52:41', '2021-03-31 15:52:41');
INSERT INTO `replies` VALUES ('732', '24', '6', 'Delectus voluptatum et laborum quo unde occaecati quibusdam aperiam.', '2021-03-16 12:16:55', '2021-03-16 12:16:55');
INSERT INTO `replies` VALUES ('733', '1', '8', 'Eius magnam earum corrupti.', '2021-03-24 08:26:57', '2021-03-24 08:26:57');
INSERT INTO `replies` VALUES ('734', '40', '9', 'Blanditiis sapiente optio sed quia blanditiis consectetur error.', '2021-03-31 13:07:49', '2021-03-31 13:07:49');
INSERT INTO `replies` VALUES ('735', '66', '7', 'Voluptates quasi commodi autem ut.', '2021-03-24 23:17:14', '2021-03-24 23:17:14');
INSERT INTO `replies` VALUES ('736', '10', '6', 'Saepe magni dolores iste itaque quisquam laborum quo.', '2021-03-17 20:00:45', '2021-03-17 20:00:45');
INSERT INTO `replies` VALUES ('738', '65', '8', 'Omnis error optio perspiciatis corporis quis.', '2021-03-18 00:26:06', '2021-03-18 00:26:06');
INSERT INTO `replies` VALUES ('739', '84', '9', 'Unde libero vitae accusantium dolorem explicabo sint.', '2021-03-26 08:49:58', '2021-03-26 08:49:58');
INSERT INTO `replies` VALUES ('740', '12', '2', 'Molestiae architecto et alias a.', '2021-04-02 18:43:23', '2021-04-02 18:43:23');
INSERT INTO `replies` VALUES ('741', '73', '9', 'Velit sit adipisci culpa assumenda quam.', '2021-03-17 12:01:06', '2021-03-17 12:01:06');
INSERT INTO `replies` VALUES ('742', '61', '4', 'Aperiam tempore qui dignissimos perferendis accusantium dolore doloremque.', '2021-04-01 07:54:26', '2021-04-01 07:54:26');
INSERT INTO `replies` VALUES ('743', '74', '7', 'Vel velit commodi atque qui sit ut aut et.', '2021-03-28 17:27:19', '2021-03-28 17:27:19');
INSERT INTO `replies` VALUES ('746', '60', '1', 'Vel ipsam omnis labore cupiditate voluptatum sint suscipit.', '2021-04-01 06:02:20', '2021-04-01 06:02:20');
INSERT INTO `replies` VALUES ('747', '86', '9', 'Dolore dolorem sapiente aut sit laudantium facilis qui.', '2021-03-12 12:23:14', '2021-03-12 12:23:14');
INSERT INTO `replies` VALUES ('749', '19', '7', 'Eum qui magni sit sunt.', '2021-03-11 11:27:12', '2021-03-11 11:27:12');
INSERT INTO `replies` VALUES ('750', '94', '2', 'Officiis fuga numquam dolores architecto iusto.', '2021-03-22 14:06:25', '2021-03-22 14:06:25');
INSERT INTO `replies` VALUES ('751', '5', '9', 'Consequatur modi est occaecati sed quia.', '2021-04-01 15:31:57', '2021-04-01 15:31:57');
INSERT INTO `replies` VALUES ('752', '16', '9', 'Nostrum eveniet est explicabo aspernatur et eos.', '2021-03-12 08:38:42', '2021-03-12 08:38:42');
INSERT INTO `replies` VALUES ('753', '21', '2', 'Repellat quis veniam similique voluptatibus.', '2021-03-17 10:41:31', '2021-03-17 10:41:31');
INSERT INTO `replies` VALUES ('754', '3', '6', 'Est sunt vel dicta aspernatur et.', '2021-03-24 02:48:22', '2021-03-24 02:48:22');
INSERT INTO `replies` VALUES ('755', '47', '6', 'Pariatur saepe facere assumenda a.', '2021-03-23 04:51:04', '2021-03-23 04:51:04');
INSERT INTO `replies` VALUES ('757', '98', '9', 'Perferendis est dolorum sunt aut inventore rerum quia.', '2021-03-26 07:23:59', '2021-03-26 07:23:59');
INSERT INTO `replies` VALUES ('758', '65', '9', 'Et hic animi possimus vel eligendi corrupti.', '2021-04-09 13:02:40', '2021-04-09 13:02:40');
INSERT INTO `replies` VALUES ('759', '12', '7', 'Dolorem deleniti alias hic.', '2021-03-31 01:25:05', '2021-03-31 01:25:05');
INSERT INTO `replies` VALUES ('761', '78', '1', 'Soluta ad a ab voluptatem possimus praesentium facilis itaque.', '2021-03-30 03:06:20', '2021-03-30 03:06:20');
INSERT INTO `replies` VALUES ('762', '77', '9', 'Dolores dolore in facilis.', '2021-04-06 00:15:50', '2021-04-06 00:15:50');
INSERT INTO `replies` VALUES ('763', '36', '5', 'Consequatur rem quod praesentium repudiandae voluptas et.', '2021-03-22 15:32:28', '2021-03-22 15:32:28');
INSERT INTO `replies` VALUES ('764', '51', '4', 'Deserunt rerum aut sit delectus.', '2021-04-07 19:29:05', '2021-04-07 19:29:05');
INSERT INTO `replies` VALUES ('765', '57', '8', 'Laudantium asperiores odio est molestiae est distinctio quod.', '2021-03-25 01:38:37', '2021-03-25 01:38:37');
INSERT INTO `replies` VALUES ('766', '62', '5', 'Totam doloribus et est commodi et aliquam.', '2021-03-12 04:24:36', '2021-03-12 04:24:36');
INSERT INTO `replies` VALUES ('768', '52', '6', 'Quas qui omnis magni deserunt itaque.', '2021-03-16 11:01:30', '2021-03-16 11:01:30');
INSERT INTO `replies` VALUES ('769', '41', '1', 'Provident impedit corporis nisi eos.', '2021-03-17 16:42:42', '2021-03-17 16:42:42');
INSERT INTO `replies` VALUES ('770', '99', '7', 'Asperiores ratione ea dolores non.', '2021-04-08 06:15:16', '2021-04-08 06:15:16');
INSERT INTO `replies` VALUES ('771', '26', '1', 'Velit consequatur eos sed reiciendis et vel aliquid.', '2021-03-31 23:19:13', '2021-03-31 23:19:13');
INSERT INTO `replies` VALUES ('772', '64', '1', 'Aut ex nemo iusto odit inventore mollitia saepe.', '2021-03-20 07:59:22', '2021-03-20 07:59:22');
INSERT INTO `replies` VALUES ('773', '29', '1', 'Consectetur quia ea animi facilis cum magni.', '2021-03-27 17:25:30', '2021-03-27 17:25:30');
INSERT INTO `replies` VALUES ('774', '94', '6', 'Molestiae aut dolor sunt placeat sapiente at ratione.', '2021-04-08 14:31:27', '2021-04-08 14:31:27');
INSERT INTO `replies` VALUES ('775', '45', '7', 'Perferendis incidunt inventore velit ipsam enim sed.', '2021-03-26 05:24:20', '2021-03-26 05:24:20');
INSERT INTO `replies` VALUES ('776', '21', '3', 'Dolorum est et ab eligendi consequuntur voluptates.', '2021-03-19 06:10:03', '2021-03-19 06:10:03');
INSERT INTO `replies` VALUES ('777', '60', '1', 'At adipisci quam dolorem dicta velit numquam quis ducimus.', '2021-04-08 20:21:32', '2021-04-08 20:21:32');
INSERT INTO `replies` VALUES ('778', '33', '2', 'Nostrum aperiam placeat est placeat placeat ea est non.', '2021-03-22 16:16:40', '2021-03-22 16:16:40');
INSERT INTO `replies` VALUES ('779', '69', '1', 'Eaque aliquam sit deserunt sunt ipsum eos.', '2021-03-28 15:19:17', '2021-03-28 15:19:17');
INSERT INTO `replies` VALUES ('780', '87', '2', 'Sed id perspiciatis dicta.', '2021-03-16 10:57:29', '2021-03-16 10:57:29');
INSERT INTO `replies` VALUES ('781', '98', '7', 'Quis aspernatur est deserunt quod.', '2021-03-16 16:25:28', '2021-03-16 16:25:28');
INSERT INTO `replies` VALUES ('782', '58', '4', 'Debitis fuga repellat aut sunt voluptas.', '2021-03-23 09:52:13', '2021-03-23 09:52:13');
INSERT INTO `replies` VALUES ('784', '5', '6', 'Similique natus porro optio nihil et quo.', '2021-03-12 17:14:10', '2021-03-12 17:14:10');
INSERT INTO `replies` VALUES ('785', '69', '4', 'Perferendis cum impedit saepe perspiciatis.', '2021-04-10 03:01:32', '2021-04-10 03:01:32');
INSERT INTO `replies` VALUES ('786', '38', '3', 'Ut aut fugiat sed.', '2021-03-22 18:23:00', '2021-03-22 18:23:00');
INSERT INTO `replies` VALUES ('787', '52', '9', 'Facere qui nostrum repellat quam sunt.', '2021-03-31 22:28:22', '2021-03-31 22:28:22');
INSERT INTO `replies` VALUES ('789', '99', '1', 'Sit vel in molestiae.', '2021-03-23 20:55:38', '2021-03-23 20:55:38');
INSERT INTO `replies` VALUES ('790', '99', '7', 'Ipsam in corrupti qui voluptatem minima voluptatem ipsa.', '2021-03-25 08:26:47', '2021-03-25 08:26:47');
INSERT INTO `replies` VALUES ('791', '1', '5', 'Voluptates esse assumenda laborum earum error minima.', '2021-04-08 08:02:37', '2021-04-08 08:02:37');
INSERT INTO `replies` VALUES ('792', '12', '8', 'Accusamus corrupti reprehenderit consequuntur.', '2021-03-12 12:01:37', '2021-03-12 12:01:37');
INSERT INTO `replies` VALUES ('793', '77', '5', 'Magni error nobis laborum vel est.', '2021-03-24 06:58:57', '2021-03-24 06:58:57');
INSERT INTO `replies` VALUES ('796', '2', '5', 'Minus placeat consequatur sint.', '2021-04-08 05:28:14', '2021-04-08 05:28:14');
INSERT INTO `replies` VALUES ('797', '29', '5', 'Ut et quae voluptates alias animi dolor.', '2021-03-23 20:40:15', '2021-03-23 20:40:15');
INSERT INTO `replies` VALUES ('798', '21', '8', 'Doloribus numquam sit earum sed saepe iste impedit.', '2021-04-05 09:06:46', '2021-04-05 09:06:46');
INSERT INTO `replies` VALUES ('799', '46', '2', 'Ut autem non distinctio ut rerum.', '2021-04-05 22:16:09', '2021-04-05 22:16:09');
INSERT INTO `replies` VALUES ('800', '90', '6', 'Consequatur pariatur ea quis nemo pariatur recusandae.', '2021-04-10 03:51:45', '2021-04-10 03:51:45');
INSERT INTO `replies` VALUES ('803', '10', '7', 'Sapiente rem porro aut numquam et.', '2021-03-29 04:02:46', '2021-03-29 04:02:46');
INSERT INTO `replies` VALUES ('804', '1', '9', 'Molestias ratione voluptatem dolorum corrupti ad impedit dolor.', '2021-04-05 00:20:53', '2021-04-05 00:20:53');
INSERT INTO `replies` VALUES ('805', '66', '1', 'Molestiae occaecati dolores dolores aut aut et.', '2021-03-11 12:41:36', '2021-03-11 12:41:36');
INSERT INTO `replies` VALUES ('806', '9', '1', 'Non officiis sit quam quia nam consequatur unde.', '2021-03-31 13:51:34', '2021-03-31 13:51:34');
INSERT INTO `replies` VALUES ('807', '75', '6', 'Et praesentium voluptatem quas saepe aut.', '2021-03-16 07:52:12', '2021-03-16 07:52:12');
INSERT INTO `replies` VALUES ('808', '43', '2', 'Amet saepe sit magnam id quod dignissimos cupiditate.', '2021-04-05 10:04:07', '2021-04-05 10:04:07');
INSERT INTO `replies` VALUES ('809', '71', '3', 'Id qui nemo sed placeat praesentium et harum.', '2021-03-13 19:27:13', '2021-03-13 19:27:13');
INSERT INTO `replies` VALUES ('810', '38', '4', 'Molestias nulla aut consequuntur veniam est dolor quibusdam.', '2021-04-07 19:28:59', '2021-04-07 19:28:59');
INSERT INTO `replies` VALUES ('813', '22', '8', 'In placeat velit repellat velit quod accusamus.', '2021-03-14 15:26:33', '2021-03-14 15:26:33');
INSERT INTO `replies` VALUES ('814', '38', '1', 'Laborum cumque qui et est libero odio nam.', '2021-03-19 21:58:29', '2021-03-19 21:58:29');
INSERT INTO `replies` VALUES ('815', '72', '6', 'Debitis vero eos voluptate provident et.', '2021-03-28 18:21:36', '2021-03-28 18:21:36');
INSERT INTO `replies` VALUES ('816', '85', '2', 'Illo neque sed porro et occaecati.', '2021-03-25 07:39:45', '2021-03-25 07:39:45');
INSERT INTO `replies` VALUES ('817', '29', '5', 'Nesciunt iure incidunt autem fugit quae ipsam provident.', '2021-03-19 13:48:38', '2021-03-19 13:48:38');
INSERT INTO `replies` VALUES ('818', '34', '2', 'Ratione minus minima voluptate nobis perspiciatis eum asperiores.', '2021-03-20 21:38:39', '2021-03-20 21:38:39');
INSERT INTO `replies` VALUES ('820', '13', '9', 'Optio quia rem molestiae illum eligendi.', '2021-03-19 12:02:10', '2021-03-19 12:02:10');
INSERT INTO `replies` VALUES ('822', '86', '7', 'Vero molestias cumque quod illum.', '2021-03-20 00:23:05', '2021-03-20 00:23:05');
INSERT INTO `replies` VALUES ('823', '34', '8', 'Quam nihil et et consequatur.', '2021-04-04 19:08:20', '2021-04-04 19:08:20');
INSERT INTO `replies` VALUES ('825', '48', '4', 'Labore ex aut aliquid doloribus fugiat nobis.', '2021-03-29 01:58:09', '2021-03-29 01:58:09');
INSERT INTO `replies` VALUES ('826', '67', '4', 'Magni necessitatibus hic blanditiis sapiente est nam.', '2021-03-30 16:53:30', '2021-03-30 16:53:30');
INSERT INTO `replies` VALUES ('828', '19', '9', 'Nostrum beatae sed consectetur reiciendis.', '2021-03-20 01:08:16', '2021-03-20 01:08:16');
INSERT INTO `replies` VALUES ('829', '26', '4', 'Aut omnis quas ut quae et qui eum.', '2021-03-19 04:04:26', '2021-03-19 04:04:26');
INSERT INTO `replies` VALUES ('830', '50', '6', 'Illum dolore et voluptate cupiditate omnis perferendis quam.', '2021-03-26 05:56:32', '2021-03-26 05:56:32');
INSERT INTO `replies` VALUES ('831', '1', '1', 'Dolorem deserunt recusandae voluptatem.', '2021-03-25 10:24:24', '2021-03-25 10:24:24');
INSERT INTO `replies` VALUES ('832', '55', '4', 'Natus rerum harum officiis omnis sint laborum sapiente.', '2021-04-08 07:45:00', '2021-04-08 07:45:00');
INSERT INTO `replies` VALUES ('833', '59', '3', 'Aut ut consequatur et iusto.', '2021-03-13 09:11:33', '2021-03-13 09:11:33');
INSERT INTO `replies` VALUES ('834', '80', '6', 'Alias ut ad nam deserunt ipsa voluptates accusamus.', '2021-04-09 04:55:02', '2021-04-09 04:55:02');
INSERT INTO `replies` VALUES ('835', '89', '4', 'Repellendus inventore quasi magnam.', '2021-03-17 19:11:48', '2021-03-17 19:11:48');
INSERT INTO `replies` VALUES ('836', '55', '5', 'Dicta tenetur eum eum et et.', '2021-03-25 14:18:58', '2021-03-25 14:18:58');
INSERT INTO `replies` VALUES ('840', '33', '4', 'Sed modi exercitationem et ut error.', '2021-03-18 06:40:29', '2021-03-18 06:40:29');
INSERT INTO `replies` VALUES ('842', '47', '3', 'Est adipisci consequatur est officiis.', '2021-03-31 22:48:32', '2021-03-31 22:48:32');
INSERT INTO `replies` VALUES ('844', '23', '7', 'Et quia ab illum soluta minus earum.', '2021-03-15 22:02:19', '2021-03-15 22:02:19');
INSERT INTO `replies` VALUES ('845', '10', '4', 'Aut architecto occaecati sequi debitis ratione aut.', '2021-03-23 02:23:02', '2021-03-23 02:23:02');
INSERT INTO `replies` VALUES ('847', '88', '5', 'Facere perferendis pariatur natus eos.', '2021-03-20 20:10:40', '2021-03-20 20:10:40');
INSERT INTO `replies` VALUES ('848', '63', '7', 'Quidem officiis excepturi consequatur ea possimus.', '2021-04-02 00:49:28', '2021-04-02 00:49:28');
INSERT INTO `replies` VALUES ('850', '8', '5', 'Voluptatem iusto ut placeat sed.', '2021-04-07 14:03:51', '2021-04-07 14:03:51');
INSERT INTO `replies` VALUES ('851', '8', '3', 'Nemo eaque quam expedita dolor omnis.', '2021-03-29 15:11:17', '2021-03-29 15:11:17');
INSERT INTO `replies` VALUES ('852', '48', '5', 'Eligendi delectus ipsam praesentium et.', '2021-03-19 11:26:08', '2021-03-19 11:26:08');
INSERT INTO `replies` VALUES ('853', '100', '4', 'Distinctio vel quia aut aliquid.', '2021-03-25 06:24:27', '2021-03-25 06:24:27');
INSERT INTO `replies` VALUES ('855', '94', '6', 'Incidunt vel a sunt velit.', '2021-04-05 13:29:11', '2021-04-05 13:29:11');
INSERT INTO `replies` VALUES ('856', '71', '8', 'Omnis hic nihil sit.', '2021-04-07 06:59:14', '2021-04-07 06:59:14');
INSERT INTO `replies` VALUES ('857', '77', '2', 'Temporibus minus doloremque iure aut magnam id.', '2021-04-02 17:07:14', '2021-04-02 17:07:14');
INSERT INTO `replies` VALUES ('860', '47', '2', 'Enim ut natus repellendus voluptas ut.', '2021-03-16 08:36:14', '2021-03-16 08:36:14');
INSERT INTO `replies` VALUES ('862', '34', '9', 'Commodi dolorem animi sit error atque.', '2021-03-12 16:47:51', '2021-03-12 16:47:51');
INSERT INTO `replies` VALUES ('863', '1', '9', 'Enim ex dolorum amet blanditiis dolor.', '2021-03-29 02:01:04', '2021-03-29 02:01:04');
INSERT INTO `replies` VALUES ('864', '1', '2', 'Enim molestias veritatis quia nihil sunt.', '2021-03-12 18:19:04', '2021-03-12 18:19:04');
INSERT INTO `replies` VALUES ('865', '1', '5', 'Ex qui atque iste.', '2021-03-19 18:56:27', '2021-03-19 18:56:27');
INSERT INTO `replies` VALUES ('866', '98', '4', 'Consequatur earum natus voluptate dolore sit.', '2021-03-17 13:52:06', '2021-03-17 13:52:06');
INSERT INTO `replies` VALUES ('867', '72', '7', 'Voluptatem officiis doloribus sit doloremque enim voluptatibus.', '2021-03-18 08:01:23', '2021-03-18 08:01:23');
INSERT INTO `replies` VALUES ('868', '55', '2', 'Et perferendis atque incidunt qui veritatis odit.', '2021-03-25 08:12:21', '2021-03-25 08:12:21');
INSERT INTO `replies` VALUES ('869', '32', '9', 'Voluptas quidem molestiae et quaerat qui.', '2021-03-14 04:00:30', '2021-03-14 04:00:30');
INSERT INTO `replies` VALUES ('870', '80', '1', 'Asperiores quae sit necessitatibus consequuntur optio excepturi ex autem.', '2021-03-18 04:02:36', '2021-03-18 04:02:36');
INSERT INTO `replies` VALUES ('871', '15', '4', 'Cumque ad ut atque ea.', '2021-03-17 04:10:44', '2021-03-17 04:10:44');
INSERT INTO `replies` VALUES ('872', '19', '1', 'Modi quia sit ut placeat molestiae sed nihil.', '2021-04-02 16:10:56', '2021-04-02 16:10:56');
INSERT INTO `replies` VALUES ('873', '88', '7', 'Eum reprehenderit aut nisi eveniet commodi ut quo.', '2021-04-10 13:12:09', '2021-04-10 13:12:09');
INSERT INTO `replies` VALUES ('874', '73', '3', 'Omnis accusamus quam alias ut repellendus.', '2021-04-04 16:59:14', '2021-04-04 16:59:14');
INSERT INTO `replies` VALUES ('875', '43', '1', 'Est excepturi enim rerum omnis.', '2021-04-06 17:34:55', '2021-04-06 17:34:55');
INSERT INTO `replies` VALUES ('877', '79', '6', 'Quasi rerum tempore tempore vel saepe aperiam similique.', '2021-03-15 19:29:09', '2021-03-15 19:29:09');
INSERT INTO `replies` VALUES ('878', '13', '5', 'Enim et quia laudantium ab totam est doloribus enim.', '2021-04-02 07:10:42', '2021-04-02 07:10:42');
INSERT INTO `replies` VALUES ('879', '93', '9', 'Ut nulla odio ullam explicabo saepe.', '2021-03-11 07:52:13', '2021-03-11 07:52:13');
INSERT INTO `replies` VALUES ('880', '12', '3', 'Magni sit deleniti aliquam quia incidunt.', '2021-03-23 13:06:26', '2021-03-23 13:06:26');
INSERT INTO `replies` VALUES ('881', '28', '4', 'Et molestiae distinctio dignissimos nisi neque et molestiae.', '2021-03-23 01:14:37', '2021-03-23 01:14:37');
INSERT INTO `replies` VALUES ('882', '98', '2', 'Voluptate ut ducimus quo rerum excepturi qui voluptas.', '2021-03-25 14:06:50', '2021-03-25 14:06:50');
INSERT INTO `replies` VALUES ('883', '21', '4', 'Sint illum maiores provident eaque.', '2021-03-31 19:02:58', '2021-03-31 19:02:58');
INSERT INTO `replies` VALUES ('884', '94', '2', 'Nobis quia reprehenderit dolore recusandae.', '2021-03-12 16:13:50', '2021-03-12 16:13:50');
INSERT INTO `replies` VALUES ('885', '20', '9', 'Placeat fugit perspiciatis veniam sequi totam.', '2021-03-20 21:38:45', '2021-03-20 21:38:45');
INSERT INTO `replies` VALUES ('886', '54', '8', 'Eos nesciunt voluptate illum exercitationem.', '2021-03-21 07:11:32', '2021-03-21 07:11:32');
INSERT INTO `replies` VALUES ('887', '1', '9', 'Et minus dolore sapiente.', '2021-03-20 21:23:02', '2021-03-20 21:23:02');
INSERT INTO `replies` VALUES ('888', '33', '3', 'Maxime in laborum non itaque saepe quidem non facilis.', '2021-03-28 11:22:46', '2021-03-28 11:22:46');
INSERT INTO `replies` VALUES ('889', '84', '2', 'Blanditiis incidunt corrupti ratione alias.', '2021-03-23 05:45:04', '2021-03-23 05:45:04');
INSERT INTO `replies` VALUES ('890', '19', '3', 'Nobis a quod quos quo dolorem.', '2021-03-18 08:54:49', '2021-03-18 08:54:49');
INSERT INTO `replies` VALUES ('891', '43', '4', 'Labore et et nisi aspernatur et voluptas deleniti.', '2021-03-28 17:15:48', '2021-03-28 17:15:48');
INSERT INTO `replies` VALUES ('892', '59', '4', 'Nemo nemo sint cupiditate dolor reprehenderit commodi iusto.', '2021-03-21 19:37:38', '2021-03-21 19:37:38');
INSERT INTO `replies` VALUES ('893', '83', '5', 'Qui aperiam velit occaecati voluptatem voluptates.', '2021-03-20 15:04:38', '2021-03-20 15:04:38');
INSERT INTO `replies` VALUES ('894', '48', '6', 'Quia ut id facere laborum dolorem provident quas reprehenderit.', '2021-03-16 17:14:02', '2021-03-16 17:14:02');
INSERT INTO `replies` VALUES ('895', '58', '7', 'Dolorem hic minima aut qui ea est.', '2021-04-07 23:46:28', '2021-04-07 23:46:28');
INSERT INTO `replies` VALUES ('896', '23', '9', 'Animi dolore rerum accusantium alias quia cumque.', '2021-03-22 12:02:48', '2021-03-22 12:02:48');
INSERT INTO `replies` VALUES ('897', '46', '8', 'Placeat voluptatem sapiente velit reprehenderit.', '2021-04-09 01:20:37', '2021-04-09 01:20:37');
INSERT INTO `replies` VALUES ('898', '53', '6', 'Odit sit odio necessitatibus est et.', '2021-04-04 03:44:23', '2021-04-04 03:44:23');
INSERT INTO `replies` VALUES ('899', '58', '7', 'Qui ex doloribus est pariatur provident et.', '2021-03-29 10:42:57', '2021-03-29 10:42:57');
INSERT INTO `replies` VALUES ('900', '54', '6', 'Sit quibusdam accusamus impedit tempora qui eius ab ut.', '2021-03-30 11:11:17', '2021-03-30 11:11:17');
INSERT INTO `replies` VALUES ('903', '42', '5', 'Iste assumenda non velit qui earum distinctio.', '2021-04-07 09:55:05', '2021-04-07 09:55:05');
INSERT INTO `replies` VALUES ('904', '58', '6', 'Quia sequi quae quaerat eum quo dicta.', '2021-03-23 15:04:42', '2021-03-23 15:04:42');
INSERT INTO `replies` VALUES ('905', '3', '2', 'Enim voluptatem id hic similique voluptatem fugiat non.', '2021-03-24 18:49:16', '2021-03-24 18:49:16');
INSERT INTO `replies` VALUES ('906', '72', '6', 'Modi et qui facere facere blanditiis.', '2021-03-13 12:06:12', '2021-03-13 12:06:12');
INSERT INTO `replies` VALUES ('908', '25', '9', 'Dolor ullam soluta rerum provident et quas illum.', '2021-03-22 00:03:46', '2021-03-22 00:03:46');
INSERT INTO `replies` VALUES ('910', '86', '4', 'Voluptatem minus commodi corporis harum quam quidem.', '2021-03-29 03:27:29', '2021-03-29 03:27:29');
INSERT INTO `replies` VALUES ('912', '15', '6', 'Officiis quo molestiae magnam qui a quae laborum.', '2021-03-26 11:19:01', '2021-03-26 11:19:01');
INSERT INTO `replies` VALUES ('913', '98', '9', 'Dolores sit ratione praesentium quia non.', '2021-03-27 12:46:54', '2021-03-27 12:46:54');
INSERT INTO `replies` VALUES ('914', '42', '1', 'Odit voluptatem illo provident et voluptatem.', '2021-03-31 01:33:43', '2021-03-31 01:33:43');
INSERT INTO `replies` VALUES ('915', '51', '9', 'Consequuntur officiis repudiandae dolorem pariatur deserunt veniam.', '2021-04-01 17:21:33', '2021-04-01 17:21:33');
INSERT INTO `replies` VALUES ('917', '33', '3', 'Reiciendis hic ad beatae eligendi laudantium saepe vel.', '2021-03-31 05:26:57', '2021-03-31 05:26:57');
INSERT INTO `replies` VALUES ('918', '61', '1', 'Rerum quas earum dolores eaque repellat nam voluptatum.', '2021-03-21 02:15:49', '2021-03-21 02:15:49');
INSERT INTO `replies` VALUES ('919', '89', '2', 'Est eaque error ut omnis enim.', '2021-04-07 13:33:02', '2021-04-07 13:33:02');
INSERT INTO `replies` VALUES ('920', '86', '1', 'Expedita tempore illo sint est ut voluptates.', '2021-03-24 00:04:11', '2021-03-24 00:04:11');
INSERT INTO `replies` VALUES ('921', '21', '6', 'Reprehenderit pariatur cupiditate voluptatibus sed eaque necessitatibus quos sint.', '2021-04-06 19:39:42', '2021-04-06 19:39:42');
INSERT INTO `replies` VALUES ('922', '27', '3', 'Quia et facere explicabo omnis sint quas quo et.', '2021-03-31 05:49:01', '2021-03-31 05:49:01');
INSERT INTO `replies` VALUES ('923', '47', '4', 'Aut odio facere adipisci.', '2021-04-06 20:32:07', '2021-04-06 20:32:07');
INSERT INTO `replies` VALUES ('924', '52', '1', 'Sit magni sed dolorum ut velit qui.', '2021-03-30 17:16:43', '2021-03-30 17:16:43');
INSERT INTO `replies` VALUES ('925', '98', '1', 'Magnam ratione et ex doloremque et.', '2021-04-10 15:52:03', '2021-04-10 15:52:03');
INSERT INTO `replies` VALUES ('926', '85', '1', 'Voluptatem iure aliquid harum sit rem odit ut magnam.', '2021-03-26 21:44:58', '2021-03-26 21:44:58');
INSERT INTO `replies` VALUES ('927', '95', '3', 'Iure ut quia qui qui aperiam omnis ab suscipit.', '2021-03-11 18:50:45', '2021-03-11 18:50:45');
INSERT INTO `replies` VALUES ('928', '82', '2', 'Qui ea dicta iusto deleniti quis.', '2021-03-30 05:26:08', '2021-03-30 05:26:08');
INSERT INTO `replies` VALUES ('929', '50', '9', 'Natus voluptas ut architecto voluptatem aut dolore adipisci.', '2021-03-24 12:18:37', '2021-03-24 12:18:37');
INSERT INTO `replies` VALUES ('930', '60', '3', 'Et ipsam earum quaerat doloremque eum corporis.', '2021-03-12 17:51:47', '2021-03-12 17:51:47');
INSERT INTO `replies` VALUES ('931', '47', '9', 'Facilis ut est atque dolor.', '2021-03-22 11:12:10', '2021-03-22 11:12:10');
INSERT INTO `replies` VALUES ('932', '75', '5', 'Omnis voluptatem assumenda temporibus temporibus aut voluptatem.', '2021-03-15 15:35:28', '2021-03-15 15:35:28');
INSERT INTO `replies` VALUES ('934', '48', '1', 'Maiores et distinctio aut quod impedit quasi molestiae sit.', '2021-04-04 21:53:26', '2021-04-04 21:53:26');
INSERT INTO `replies` VALUES ('935', '13', '9', 'Vero et ut asperiores veniam tempore.', '2021-03-20 13:00:52', '2021-03-20 13:00:52');
INSERT INTO `replies` VALUES ('936', '34', '8', 'Cupiditate dolor eos aperiam dolorem.', '2021-03-11 03:25:48', '2021-03-11 03:25:48');
INSERT INTO `replies` VALUES ('937', '10', '8', 'Qui sint consequuntur magnam omnis accusantium.', '2021-03-16 14:19:14', '2021-03-16 14:19:14');
INSERT INTO `replies` VALUES ('938', '84', '7', 'Aut ut omnis natus id.', '2021-03-24 13:05:36', '2021-03-24 13:05:36');
INSERT INTO `replies` VALUES ('940', '13', '5', 'Dolorem tempore autem sunt voluptas labore aperiam.', '2021-04-06 21:16:06', '2021-04-06 21:16:06');
INSERT INTO `replies` VALUES ('942', '51', '1', 'Sit et animi non qui nemo sed.', '2021-03-25 20:05:21', '2021-03-25 20:05:21');
INSERT INTO `replies` VALUES ('943', '73', '2', 'Tempora sunt nemo quo officiis aliquam dolores.', '2021-03-25 01:15:47', '2021-03-25 01:15:47');
INSERT INTO `replies` VALUES ('944', '48', '9', 'Quas quod ea ut ut ducimus eos officia.', '2021-03-28 16:11:13', '2021-03-28 16:11:13');
INSERT INTO `replies` VALUES ('945', '26', '7', 'Voluptatum iste voluptatum a placeat.', '2021-03-22 13:52:15', '2021-03-22 13:52:15');
INSERT INTO `replies` VALUES ('946', '36', '6', 'Vel facere illo sequi tempora inventore molestiae quasi.', '2021-03-20 21:06:51', '2021-03-20 21:06:51');
INSERT INTO `replies` VALUES ('947', '26', '6', 'Debitis quam sed numquam dolores aut laboriosam.', '2021-03-12 15:55:04', '2021-03-12 15:55:04');
INSERT INTO `replies` VALUES ('952', '53', '6', 'Saepe vel consequatur laudantium quisquam voluptatem magni.', '2021-03-18 03:29:07', '2021-03-18 03:29:07');
INSERT INTO `replies` VALUES ('953', '28', '1', 'Id voluptatem culpa quia.', '2021-03-19 03:25:17', '2021-03-19 03:25:17');
INSERT INTO `replies` VALUES ('954', '11', '1', 'Autem distinctio facere magnam ipsum numquam.', '2021-03-22 02:14:58', '2021-03-22 02:14:58');
INSERT INTO `replies` VALUES ('955', '35', '5', 'Amet dolorem illo magnam repellendus quibusdam rerum.', '2021-04-06 03:47:33', '2021-04-06 03:47:33');
INSERT INTO `replies` VALUES ('956', '9', '4', 'Omnis sed sunt aperiam eaque animi maiores vitae sed.', '2021-03-16 03:25:35', '2021-03-16 03:25:35');
INSERT INTO `replies` VALUES ('957', '55', '7', 'Fugit nesciunt rem qui quaerat.', '2021-03-13 08:14:50', '2021-03-13 08:14:50');
INSERT INTO `replies` VALUES ('958', '9', '1', 'Eos iure quae delectus hic dolorum.', '2021-03-11 14:36:18', '2021-03-11 14:36:18');
INSERT INTO `replies` VALUES ('961', '86', '9', 'Sapiente fugiat vero quos deleniti.', '2021-03-20 06:10:00', '2021-03-20 06:10:00');
INSERT INTO `replies` VALUES ('962', '63', '4', 'Pariatur impedit inventore ipsa qui.', '2021-04-06 20:07:56', '2021-04-06 20:07:56');
INSERT INTO `replies` VALUES ('964', '98', '5', 'Et dignissimos ut esse.', '2021-03-26 03:15:40', '2021-03-26 03:15:40');
INSERT INTO `replies` VALUES ('965', '50', '3', 'Sed minima rerum aut ut sit quia.', '2021-04-07 06:17:12', '2021-04-07 06:17:12');
INSERT INTO `replies` VALUES ('966', '35', '1', 'Magnam animi eligendi sunt eos illo.', '2021-04-03 05:26:55', '2021-04-03 05:26:55');
INSERT INTO `replies` VALUES ('967', '66', '6', 'Et adipisci et atque reiciendis.', '2021-03-12 13:25:20', '2021-03-12 13:25:20');
INSERT INTO `replies` VALUES ('968', '88', '7', 'Necessitatibus consequatur rerum doloribus rerum.', '2021-03-17 18:43:58', '2021-03-17 18:43:58');
INSERT INTO `replies` VALUES ('969', '13', '2', 'Impedit itaque voluptatibus recusandae et.', '2021-03-29 20:25:17', '2021-03-29 20:25:17');
INSERT INTO `replies` VALUES ('970', '38', '3', 'Occaecati voluptas velit dignissimos cumque.', '2021-04-09 05:53:32', '2021-04-09 05:53:32');
INSERT INTO `replies` VALUES ('971', '85', '2', 'Reiciendis nemo cupiditate modi et saepe ut.', '2021-03-15 11:53:21', '2021-03-15 11:53:21');
INSERT INTO `replies` VALUES ('973', '21', '7', 'Neque facere nihil est.', '2021-03-20 21:34:48', '2021-03-20 21:34:48');
INSERT INTO `replies` VALUES ('974', '95', '5', 'Error blanditiis voluptas quae ad provident atque aliquid.', '2021-03-11 12:07:41', '2021-03-11 12:07:41');
INSERT INTO `replies` VALUES ('975', '15', '5', 'Ut cumque ullam quis explicabo ut.', '2021-03-14 00:24:42', '2021-03-14 00:24:42');
INSERT INTO `replies` VALUES ('976', '64', '5', 'Ea exercitationem eaque qui sint quibusdam molestiae doloremque.', '2021-03-15 02:12:33', '2021-03-15 02:12:33');
INSERT INTO `replies` VALUES ('977', '40', '8', 'Perferendis voluptate nesciunt est accusantium aut ducimus voluptas.', '2021-03-22 13:13:50', '2021-03-22 13:13:50');
INSERT INTO `replies` VALUES ('978', '35', '4', 'Et delectus hic assumenda aut error.', '2021-04-10 12:55:43', '2021-04-10 12:55:43');
INSERT INTO `replies` VALUES ('979', '80', '3', 'Velit iusto veniam fuga laborum consectetur.', '2021-04-02 18:50:10', '2021-04-02 18:50:10');
INSERT INTO `replies` VALUES ('980', '25', '7', 'Asperiores veritatis qui doloremque qui quo dolor.', '2021-03-22 06:58:32', '2021-03-22 06:58:32');
INSERT INTO `replies` VALUES ('981', '59', '9', 'Qui dolores delectus sit adipisci ducimus optio eos nostrum.', '2021-03-28 15:49:38', '2021-03-28 15:49:38');
INSERT INTO `replies` VALUES ('983', '32', '9', 'Deserunt cum harum voluptates nihil.', '2021-03-26 04:07:41', '2021-03-26 04:07:41');
INSERT INTO `replies` VALUES ('985', '98', '5', 'Ut numquam eum nesciunt.', '2021-03-29 09:23:01', '2021-03-29 09:23:01');
INSERT INTO `replies` VALUES ('986', '87', '7', 'Eos dignissimos aut nemo et sint.', '2021-03-17 10:05:51', '2021-03-17 10:05:51');
INSERT INTO `replies` VALUES ('987', '16', '2', 'Sed molestiae iure voluptatem dolor explicabo qui.', '2021-04-01 14:23:56', '2021-04-01 14:23:56');
INSERT INTO `replies` VALUES ('988', '12', '1', 'Mollitia quo nemo nemo excepturi sed.', '2021-04-07 00:12:09', '2021-04-07 00:12:09');
INSERT INTO `replies` VALUES ('989', '33', '3', 'Pariatur consequatur placeat fuga sapiente qui.', '2021-04-04 13:24:41', '2021-04-04 13:24:41');
INSERT INTO `replies` VALUES ('991', '87', '6', 'Vitae amet quo ipsa fugit illo eum est.', '2021-03-19 22:19:50', '2021-03-19 22:19:50');
INSERT INTO `replies` VALUES ('992', '43', '2', 'Quis illo qui qui quibusdam quibusdam excepturi.', '2021-03-30 21:41:05', '2021-03-30 21:41:05');
INSERT INTO `replies` VALUES ('993', '93', '9', 'Blanditiis aut quas similique quae sint.', '2021-03-12 02:27:28', '2021-03-12 02:27:28');
INSERT INTO `replies` VALUES ('994', '77', '1', 'Rerum molestias minima dolorem omnis provident explicabo.', '2021-04-08 02:08:30', '2021-04-08 02:08:30');
INSERT INTO `replies` VALUES ('995', '9', '8', 'Id dolor libero voluptas quia architecto.', '2021-03-18 08:15:33', '2021-03-18 08:15:33');
INSERT INTO `replies` VALUES ('996', '97', '1', 'Et vel voluptatem nostrum laudantium voluptas.', '2021-04-10 14:40:33', '2021-04-10 14:40:33');
INSERT INTO `replies` VALUES ('997', '56', '7', 'Aperiam et assumenda enim ab placeat corrupti cumque reprehenderit.', '2021-03-11 18:57:19', '2021-03-11 18:57:19');
INSERT INTO `replies` VALUES ('998', '82', '2', 'Pariatur ipsam dicta eos in.', '2021-03-16 20:47:56', '2021-03-16 20:47:56');
INSERT INTO `replies` VALUES ('999', '30', '3', 'Rerum recusandae voluptatem aut nulla eum.', '2021-04-10 08:29:38', '2021-04-10 08:29:38');
INSERT INTO `replies` VALUES ('1000', '69', '1', 'Rerum aut quia similique voluptas dignissimos.', '2021-03-28 16:17:11', '2021-03-28 16:17:11');

-- ----------------------------
-- Table structure for role_has_permissions
-- ----------------------------
DROP TABLE IF EXISTS `role_has_permissions`;
CREATE TABLE `role_has_permissions` (
  `permission_id` bigint(20) unsigned NOT NULL,
  `role_id` bigint(20) unsigned NOT NULL,
  PRIMARY KEY (`permission_id`,`role_id`),
  KEY `role_has_permissions_role_id_foreign` (`role_id`),
  CONSTRAINT `role_has_permissions_permission_id_foreign` FOREIGN KEY (`permission_id`) REFERENCES `permissions` (`id`) ON DELETE CASCADE,
  CONSTRAINT `role_has_permissions_role_id_foreign` FOREIGN KEY (`role_id`) REFERENCES `roles` (`id`) ON DELETE CASCADE
) ENGINE=InnoDB DEFAULT CHARSET=utf8mb4 COLLATE=utf8mb4_unicode_ci;

-- ----------------------------
-- Records of role_has_permissions
-- ----------------------------
INSERT INTO `role_has_permissions` VALUES ('1', '1');
INSERT INTO `role_has_permissions` VALUES ('2', '1');
INSERT INTO `role_has_permissions` VALUES ('3', '1');
INSERT INTO `role_has_permissions` VALUES ('1', '2');

-- ----------------------------
-- Table structure for roles
-- ----------------------------
DROP TABLE IF EXISTS `roles`;
CREATE TABLE `roles` (
  `id` bigint(20) unsigned NOT NULL AUTO_INCREMENT,
  `name` varchar(255) COLLATE utf8mb4_unicode_ci NOT NULL,
  `guard_name` varchar(255) COLLATE utf8mb4_unicode_ci NOT NULL,
  `created_at` timestamp NULL DEFAULT NULL,
  `updated_at` timestamp NULL DEFAULT NULL,
  PRIMARY KEY (`id`)
) ENGINE=InnoDB AUTO_INCREMENT=3 DEFAULT CHARSET=utf8mb4 COLLATE=utf8mb4_unicode_ci;

-- ----------------------------
-- Records of roles
-- ----------------------------
INSERT INTO `roles` VALUES ('1', 'Founder', 'web', '2021-04-10 17:23:43', '2021-04-10 17:23:43');
INSERT INTO `roles` VALUES ('2', 'Maintainer', 'web', '2021-04-10 17:23:43', '2021-04-10 17:23:43');

-- ----------------------------
-- Table structure for topics
-- ----------------------------
DROP TABLE IF EXISTS `topics`;
CREATE TABLE `topics` (
  `id` int(10) unsigned NOT NULL AUTO_INCREMENT,
  `title` varchar(255) COLLATE utf8mb4_unicode_ci NOT NULL,
  `body` text COLLATE utf8mb4_unicode_ci NOT NULL,
  `user_id` bigint(20) unsigned NOT NULL,
  `category_id` int(10) unsigned NOT NULL,
  `reply_count` int(10) unsigned NOT NULL DEFAULT '0',
  `view_count` int(10) unsigned NOT NULL DEFAULT '0',
  `last_reply_user_id` int(10) unsigned NOT NULL DEFAULT '0',
  `order` int(10) unsigned NOT NULL DEFAULT '0',
  `excerpt` text COLLATE utf8mb4_unicode_ci,
  `slug` varchar(255) COLLATE utf8mb4_unicode_ci DEFAULT NULL,
  `created_at` timestamp NULL DEFAULT NULL,
  `updated_at` timestamp NULL DEFAULT NULL,
  PRIMARY KEY (`id`),
  KEY `topics_title_index` (`title`),
  KEY `topics_user_id_index` (`user_id`),
  KEY `topics_category_id_index` (`category_id`),
  CONSTRAINT `topics_user_id_foreign` FOREIGN KEY (`user_id`) REFERENCES `users` (`id`) ON DELETE CASCADE
) ENGINE=InnoDB AUTO_INCREMENT=101 DEFAULT CHARSET=utf8mb4 COLLATE=utf8mb4_unicode_ci;

-- ----------------------------
-- Records of topics
-- ----------------------------
INSERT INTO `topics` VALUES ('1', 'Laborum iusto sit labore molestias.', 'Maxime dolore in vitae aut corrupti. Ut earum rerum est et sed porro. Repellendus nobis qui quaerat corrupti dignissimos non consequatur.', '7', '2', '0', '0', '0', '0', 'Laborum iusto sit labore molestias.', null, '2021-03-12 20:32:48', '2021-03-15 19:03:04');
INSERT INTO `topics` VALUES ('2', 'Qui culpa atque nisi et exercitationem blanditiis ut.', 'Quisquam qui et pariatur ea vel ut iste. Qui odit ipsam et magni minus veniam facere facilis. Eligendi sed quia molestiae qui.', '2', '1', '0', '0', '0', '0', 'Qui culpa atque nisi et exercitationem blanditiis ut.', null, '2021-03-20 13:21:16', '2021-03-20 15:47:08');
INSERT INTO `topics` VALUES ('3', 'Enim impedit architecto repellendus sint rerum.', 'Quas quo cum autem accusantium consectetur aut. Ullam nulla animi qui officiis sint officiis veniam sunt. Qui voluptatem quis qui.', '1', '4', '0', '0', '0', '0', 'Enim impedit architecto repellendus sint rerum.', null, '2021-03-12 19:49:08', '2021-03-14 01:26:54');
INSERT INTO `topics` VALUES ('5', 'Et ea similique doloremque voluptas adipisci.', 'Repellendus non molestias veritatis labore doloribus molestiae. Accusantium quia architecto ut temporibus aliquam praesentium sapiente ea.', '6', '4', '0', '0', '0', '0', 'Et ea similique doloremque voluptas adipisci.', null, '2021-03-14 00:19:22', '2021-03-29 13:25:13');
INSERT INTO `topics` VALUES ('6', 'Qui sed nesciunt quam velit.', 'Sequi aut et et qui illo qui magnam blanditiis. Praesentium recusandae et et quam est nesciunt doloribus officiis. Veniam cumque veritatis aliquam dolorem reprehenderit.', '1', '4', '0', '0', '0', '0', 'Qui sed nesciunt quam velit.', null, '2021-03-12 21:34:38', '2021-03-19 23:27:56');
INSERT INTO `topics` VALUES ('7', 'Officia nemo vero explicabo accusamus eligendi ut.', 'Veritatis quia deserunt autem qui. Reiciendis maiores quo suscipit. Ut id ab laboriosam nobis eaque. Fugit facere eos et recusandae.', '3', '3', '0', '0', '0', '0', 'Officia nemo vero explicabo accusamus eligendi ut.', null, '2021-03-15 18:41:46', '2021-03-16 18:51:18');
INSERT INTO `topics` VALUES ('8', 'Perferendis dolor et omnis cum.', 'Et non fugit ea laudantium debitis. Velit autem asperiores facilis qui consequuntur. Voluptatem harum atque a inventore qui. Ut dolor sit qui assumenda.', '7', '3', '0', '0', '0', '0', 'Perferendis dolor et omnis cum.', null, '2021-03-10 21:17:45', '2021-03-11 19:58:45');
INSERT INTO `topics` VALUES ('9', 'Nobis et tempore reprehenderit nemo quo sed.', 'Autem deleniti saepe unde pariatur fugit. Doloremque perspiciatis dolores placeat vel quam velit modi. Eaque rerum vitae quo maxime atque praesentium.', '6', '3', '0', '0', '0', '0', 'Nobis et tempore reprehenderit nemo quo sed.', null, '2021-03-21 03:38:07', '2021-04-06 21:22:49');
INSERT INTO `topics` VALUES ('10', 'At pariatur vero dolor eos et non occaecati dicta.', 'Consequatur eum et quo molestiae minus facere saepe. Minus blanditiis delectus aut et accusamus omnis nisi fugit. Aspernatur id itaque nostrum porro alias.', '8', '4', '0', '0', '0', '0', 'At pariatur vero dolor eos et non occaecati dicta.', null, '2021-03-25 06:23:02', '2021-03-30 14:36:39');
INSERT INTO `topics` VALUES ('11', 'Est laboriosam quaerat consequatur distinctio beatae voluptatem.', 'Numquam rem illo est sit est alias est quia. Assumenda sunt magni optio eligendi sint rerum vero et. At ea quisquam eos omnis.', '1', '1', '0', '0', '0', '0', 'Est laboriosam quaerat consequatur distinctio beatae voluptatem.', null, '2021-03-26 14:35:56', '2021-04-03 09:10:37');
INSERT INTO `topics` VALUES ('12', 'Quam reprehenderit ut qui dolorem enim fuga illum.', 'Animi dolore voluptas natus repellendus. Debitis officiis omnis libero laboriosam aperiam. Et consectetur et delectus impedit consequatur voluptatem quo.', '1', '3', '0', '0', '0', '0', 'Quam reprehenderit ut qui dolorem enim fuga illum.', null, '2021-03-11 05:35:41', '2021-03-14 03:02:29');
INSERT INTO `topics` VALUES ('13', 'Impedit occaecati possimus quibusdam doloremque aut tempora.', 'Eaque sequi ut culpa. Est voluptatem mollitia labore vel cupiditate ut. Recusandae ex consectetur incidunt corrupti molestiae.', '3', '2', '0', '0', '0', '0', 'Impedit occaecati possimus quibusdam doloremque aut tempora.', null, '2021-04-01 05:33:24', '2021-04-02 02:05:05');
INSERT INTO `topics` VALUES ('14', 'Illum non velit molestias rerum quia sed quia.', 'Vel voluptas voluptas expedita blanditiis possimus. Aut possimus sit voluptas neque earum. Doloribus doloremque quasi ea sequi laborum quia ut.', '2', '3', '0', '0', '0', '0', 'Illum non velit molestias rerum quia sed quia.', null, '2021-03-25 06:32:51', '2021-04-08 01:12:26');
INSERT INTO `topics` VALUES ('15', 'Minima ipsa est harum id natus nulla.', 'Ratione voluptates mollitia rerum aperiam nemo minima qui amet. Et beatae aliquid quos officiis eius. Eum praesentium quo in ut eos quia nam. Quae soluta ut atque impedit quam qui.', '4', '4', '0', '0', '0', '0', 'Minima ipsa est harum id natus nulla.', null, '2021-03-24 00:16:46', '2021-03-28 20:22:45');
INSERT INTO `topics` VALUES ('16', 'Accusantium officia nulla voluptas fuga quis adipisci corrupti.', 'Ut assumenda sed sapiente et incidunt quia. Distinctio eius enim sit itaque maxime nostrum mollitia maiores. Consequatur quos deserunt animi.', '4', '3', '0', '0', '0', '0', 'Accusantium officia nulla voluptas fuga quis adipisci corrupti.', null, '2021-04-08 09:32:50', '2021-04-10 03:07:29');
INSERT INTO `topics` VALUES ('19', 'Quia voluptate aut voluptas corporis sunt.', 'Aut quisquam eaque eum dignissimos. Beatae est dignissimos omnis quia et in. Aut blanditiis animi voluptatum et.', '3', '1', '0', '0', '0', '0', 'Quia voluptate aut voluptas corporis sunt.', null, '2021-03-11 05:52:37', '2021-03-12 05:21:37');
INSERT INTO `topics` VALUES ('20', 'Libero rerum ad rerum non et laborum.', 'Nisi et beatae harum qui voluptatem aut consequatur. Id sed et sequi. Delectus quia temporibus voluptatem optio ut maxime cupiditate. Tenetur doloremque autem quisquam natus non.', '4', '2', '0', '0', '0', '0', 'Libero rerum ad rerum non et laborum.', null, '2021-03-20 14:35:03', '2021-03-21 22:43:49');
INSERT INTO `topics` VALUES ('21', 'Rem enim adipisci saepe minus odio saepe et.', 'Veniam voluptas deleniti est eos adipisci temporibus. Harum et culpa explicabo eius numquam laboriosam omnis. Omnis aliquam itaque vel delectus magnam. Quos asperiores rerum omnis amet.', '9', '1', '0', '0', '0', '0', 'Rem enim adipisci saepe minus odio saepe et.', null, '2021-03-17 19:57:20', '2021-03-21 18:10:31');
INSERT INTO `topics` VALUES ('22', 'Quis quis eveniet qui quo vel.', 'Aut autem ipsum eos omnis sunt. Nostrum possimus placeat explicabo tempora et beatae quos.', '3', '2', '0', '0', '0', '0', 'Quis quis eveniet qui quo vel.', null, '2021-03-17 13:09:52', '2021-04-06 13:37:13');
INSERT INTO `topics` VALUES ('23', 'Nihil sint ad nesciunt temporibus ipsam.', 'Consequatur at sapiente doloribus natus. Voluptatem harum est laudantium odit autem labore. Iusto sequi ipsam occaecati velit et.', '8', '4', '0', '0', '0', '0', 'Nihil sint ad nesciunt temporibus ipsam.', null, '2021-03-11 06:11:22', '2021-04-06 23:49:20');
INSERT INTO `topics` VALUES ('24', 'Molestiae et reprehenderit suscipit necessitatibus saepe possimus.', 'Unde dicta iusto necessitatibus eius impedit sit sed ut. Est fugit ut harum aliquid magni est. Rerum vel consectetur magni consequuntur et sit commodi fuga.', '6', '1', '0', '0', '0', '0', 'Molestiae et reprehenderit suscipit necessitatibus saepe possimus.', null, '2021-04-02 22:03:48', '2021-04-09 09:07:35');
INSERT INTO `topics` VALUES ('25', 'Explicabo alias vero quo tempore maiores provident.', 'Illum voluptate ut reiciendis. Repellat aut et et nobis nesciunt commodi tenetur quo. Assumenda accusantium enim tempore labore eaque consequatur dolorem. Et veniam et itaque expedita.', '3', '4', '0', '0', '0', '0', 'Explicabo alias vero quo tempore maiores provident.', null, '2021-03-12 09:51:41', '2021-03-21 21:09:21');
INSERT INTO `topics` VALUES ('26', 'Maxime eos sunt quaerat est recusandae quis.', 'Dignissimos eum adipisci ea fugiat. Voluptas modi labore similique sed. Molestias et magni sed delectus.', '4', '4', '0', '0', '0', '0', 'Maxime eos sunt quaerat est recusandae quis.', null, '2021-03-10 17:39:21', '2021-03-11 15:36:16');
INSERT INTO `topics` VALUES ('27', 'Dolor minima inventore qui dignissimos.', 'Non ea voluptas praesentium deleniti quaerat pariatur vel. Expedita dignissimos aut tenetur ut. Quo doloribus neque sit sunt. Velit deleniti veniam quia aut.', '7', '1', '0', '0', '0', '0', 'Dolor minima inventore qui dignissimos.', null, '2021-03-12 07:12:28', '2021-03-17 15:37:06');
INSERT INTO `topics` VALUES ('28', 'Deserunt rerum temporibus vitae fuga.', 'Praesentium deserunt omnis hic natus quidem quis. Animi consequatur at sint impedit ea debitis. Delectus quia magni recusandae.', '6', '3', '0', '0', '0', '0', 'Deserunt rerum temporibus vitae fuga.', null, '2021-03-14 19:23:37', '2021-03-21 22:27:12');
INSERT INTO `topics` VALUES ('29', 'Libero voluptatum perspiciatis ut ea ea et.', 'Incidunt animi saepe ipsam est odio. Non quam veritatis explicabo est qui exercitationem. Nam excepturi neque assumenda dignissimos.', '9', '3', '0', '0', '0', '0', 'Libero voluptatum perspiciatis ut ea ea et.', null, '2021-03-10 19:22:05', '2021-03-16 23:33:46');
INSERT INTO `topics` VALUES ('30', 'Aut velit esse qui.', 'Doloremque officiis sed explicabo suscipit. Id consectetur consequatur nemo aliquam qui vel consequuntur. Aut iusto voluptas similique veritatis quisquam tempora.', '6', '1', '0', '0', '0', '0', 'Aut velit esse qui.', null, '2021-03-10 18:25:50', '2021-03-11 03:16:42');
INSERT INTO `topics` VALUES ('31', 'Perferendis ipsam qui esse nulla rerum nihil.', 'Excepturi facilis exercitationem dolor. Sunt quisquam sunt excepturi rerum. Voluptates maiores non quis deleniti. Consectetur accusamus est corrupti voluptatem rem.', '9', '3', '0', '0', '0', '0', 'Perferendis ipsam qui esse nulla rerum nihil.', null, '2021-03-11 03:12:29', '2021-03-11 09:26:21');
INSERT INTO `topics` VALUES ('32', 'Omnis quibusdam quos qui id dolorem.', 'Et architecto consequatur quis voluptatem quasi fuga facilis. Dolores aut quam ut sit tempora. Et unde aut voluptatem ratione vitae.', '7', '1', '0', '0', '0', '0', 'Omnis quibusdam quos qui id dolorem.', null, '2021-03-20 04:05:46', '2021-04-05 09:13:33');
INSERT INTO `topics` VALUES ('33', 'Quidem perspiciatis maiores excepturi accusamus odit quia explicabo.', 'Ea sint autem distinctio laboriosam. Dolor sit sint sunt excepturi eligendi. Dolores reiciendis ex dicta ullam.', '6', '3', '0', '0', '0', '0', 'Quidem perspiciatis maiores excepturi accusamus odit quia explicabo.', null, '2021-03-16 18:43:21', '2021-03-18 08:22:57');
INSERT INTO `topics` VALUES ('34', 'In quia praesentium error ea.', 'Cupiditate autem amet autem id sequi sed. Molestiae sit voluptatum doloribus ullam.', '9', '1', '0', '0', '0', '0', 'In quia praesentium error ea.', null, '2021-03-21 06:12:59', '2021-03-21 20:53:47');
INSERT INTO `topics` VALUES ('35', 'Hic rerum vel facere quas cupiditate quod.', 'Hic hic accusantium sed. Voluptas qui ducimus illum nihil iste quos.', '6', '4', '0', '0', '0', '0', 'Hic rerum vel facere quas cupiditate quod.', null, '2021-03-19 10:02:25', '2021-03-19 14:51:56');
INSERT INTO `topics` VALUES ('36', 'Eveniet sed ea quis sunt.', 'Aut tempora tempore amet consequuntur est. Impedit incidunt consequatur quaerat aliquam. Voluptatum at et est. Accusamus dolores animi qui.', '5', '1', '0', '0', '0', '0', 'Eveniet sed ea quis sunt.', null, '2021-03-13 18:00:59', '2021-03-18 02:43:51');
INSERT INTO `topics` VALUES ('37', 'Sapiente assumenda quasi voluptatum quasi at soluta.', 'Ex et sequi deserunt dolor nesciunt reprehenderit ipsa. Illo eveniet tempore voluptatum rerum. Accusantium id sint ut natus consequuntur similique. Sed molestiae quam occaecati.', '8', '1', '0', '0', '0', '0', 'Sapiente assumenda quasi voluptatum quasi at soluta.', null, '2021-03-30 12:20:44', '2021-04-03 07:34:40');
INSERT INTO `topics` VALUES ('38', 'Nemo quia facilis dignissimos aut.', 'Aliquid magni nulla dolore labore inventore. Eum voluptatum fugiat et consequatur. Quisquam repudiandae aut molestiae recusandae ut et molestias. In recusandae provident rerum culpa.', '9', '4', '0', '0', '0', '0', 'Nemo quia facilis dignissimos aut.', null, '2021-03-20 21:30:35', '2021-03-26 20:08:20');
INSERT INTO `topics` VALUES ('40', 'Quos deleniti a consequuntur a nisi.', 'Ipsum eligendi ratione in et enim est quibusdam. Libero consequatur ratione atque repudiandae esse sit incidunt. Labore aut at pariatur nam.', '3', '3', '0', '0', '0', '0', 'Quos deleniti a consequuntur a nisi.', null, '2021-03-20 14:36:04', '2021-03-22 07:37:09');
INSERT INTO `topics` VALUES ('41', 'Vel explicabo aliquam error rerum.', 'Nobis atque quia aut natus ea tempora ipsa. Ut non hic et voluptates dolorum dolorem. Rerum aspernatur occaecati non vitae. Optio corporis eos at doloremque officia quos velit.', '6', '2', '0', '0', '0', '0', 'Vel explicabo aliquam error rerum.', null, '2021-03-26 11:01:01', '2021-03-28 09:10:02');
INSERT INTO `topics` VALUES ('42', 'Aliquam fugiat ratione impedit dignissimos.', 'Quibusdam in pariatur ea adipisci dolorem molestiae. Nisi quas quia perspiciatis. Voluptatibus ullam voluptatem est dolorem. Quis hic molestiae praesentium necessitatibus sint quia ad unde.', '7', '3', '0', '0', '0', '0', 'Aliquam fugiat ratione impedit dignissimos.', null, '2021-04-01 04:02:25', '2021-04-03 17:58:41');
INSERT INTO `topics` VALUES ('43', 'Quia unde ratione culpa.', 'A aliquam architecto qui laborum quia reprehenderit architecto. Impedit qui a et aliquam sit tempora quia nihil. Quia nam repudiandae quia eos.', '4', '1', '0', '0', '0', '0', 'Quia unde ratione culpa.', null, '2021-03-25 19:04:20', '2021-04-02 19:57:33');
INSERT INTO `topics` VALUES ('44', 'Quos aut voluptatem voluptatem ex error ut.', 'Doloremque qui quia itaque. Assumenda temporibus quis et quis. Itaque eius adipisci aliquid et ut quis. Sunt ea quisquam quia consequatur.', '9', '1', '0', '0', '0', '0', 'Quos aut voluptatem voluptatem ex error ut.', null, '2021-03-24 02:49:42', '2021-04-07 08:53:35');
INSERT INTO `topics` VALUES ('45', 'Iste nihil sunt voluptas quidem voluptatem ut dolores.', 'Autem aut assumenda culpa illo nostrum amet dolores error. Aperiam qui nostrum sit quaerat quo accusantium. Est quia expedita minima illum molestiae nobis.', '6', '1', '0', '0', '0', '0', 'Iste nihil sunt voluptas quidem voluptatem ut dolores.', null, '2021-03-22 06:47:33', '2021-04-02 23:54:21');
INSERT INTO `topics` VALUES ('46', 'Excepturi est omnis sunt consectetur.', 'Et beatae sed est quis aut et provident temporibus. Quis voluptas molestias est. Explicabo dolorum quos sint nostrum accusamus voluptate doloremque rerum. Ut debitis voluptate iure blanditiis.', '4', '4', '0', '0', '0', '0', 'Excepturi est omnis sunt consectetur.', null, '2021-03-16 05:32:54', '2021-03-23 14:37:41');
INSERT INTO `topics` VALUES ('47', 'Et omnis dolores aperiam sapiente tempora eius et recusandae.', 'Assumenda labore quis ipsa dolores vel quo nemo. Sit fuga et esse provident. Fugiat quia sed similique error expedita iusto ea.', '3', '3', '0', '0', '0', '0', 'Et omnis dolores aperiam sapiente tempora eius et recusandae.', null, '2021-03-15 12:49:48', '2021-03-24 13:29:25');
INSERT INTO `topics` VALUES ('48', 'Similique in ea perspiciatis voluptatem excepturi tempore voluptas esse.', 'Nihil excepturi aspernatur maxime iusto aut fugiat totam. Animi cumque veritatis recusandae qui repellat eaque. Amet optio corrupti vitae.', '4', '3', '0', '0', '0', '0', 'Similique in ea perspiciatis voluptatem excepturi tempore voluptas esse.', null, '2021-03-20 20:48:17', '2021-03-29 12:13:49');
INSERT INTO `topics` VALUES ('49', 'Nostrum harum ea delectus.', 'Rem dolorem et eveniet culpa delectus error. Vitae sed quasi similique id eos. Dolores sed quam qui dignissimos molestiae voluptas ut.', '4', '2', '0', '0', '0', '0', 'Nostrum harum ea delectus.', null, '2021-04-06 16:55:36', '2021-04-08 11:36:43');
INSERT INTO `topics` VALUES ('50', 'Excepturi et facilis voluptatum laborum molestiae explicabo.', 'Saepe necessitatibus corporis ullam pariatur eum eum dolore neque. Qui tempora voluptas dicta. Et a porro consequuntur quia omnis saepe delectus. Est explicabo quasi quia.', '7', '2', '0', '0', '0', '0', 'Excepturi et facilis voluptatum laborum molestiae explicabo.', null, '2021-03-13 07:36:45', '2021-03-15 07:57:01');
INSERT INTO `topics` VALUES ('51', 'Magni aut dicta consequatur dolores.', 'Pariatur omnis omnis et sed vel. Quia consectetur molestias molestiae id neque eius. Labore omnis nesciunt voluptates laborum amet. Magnam optio dolor hic assumenda temporibus.', '6', '4', '0', '0', '0', '0', 'Magni aut dicta consequatur dolores.', null, '2021-03-28 10:40:03', '2021-03-29 14:26:24');
INSERT INTO `topics` VALUES ('52', 'Quos omnis sapiente culpa sint et sequi.', 'Quia officia odit quo et quia debitis earum. Error veritatis et aut quia impedit quia. Vitae eligendi accusamus modi nostrum reiciendis.', '9', '4', '0', '0', '0', '0', 'Quos omnis sapiente culpa sint et sequi.', null, '2021-03-29 13:20:39', '2021-03-31 00:37:28');
INSERT INTO `topics` VALUES ('53', 'Aliquid omnis qui error et esse minima ipsum.', 'Nesciunt dignissimos soluta esse omnis. Cum aut odio ut enim. Ad voluptate porro illo amet veritatis.', '7', '4', '0', '0', '0', '0', 'Aliquid omnis qui error et esse minima ipsum.', null, '2021-03-17 14:24:36', '2021-04-08 07:40:48');
INSERT INTO `topics` VALUES ('54', 'Incidunt consequuntur id illum.', 'Non et alias vero distinctio assumenda. Odit eum eius laboriosam hic. Nisi perspiciatis quia laudantium earum dolorem reprehenderit deserunt pariatur.', '1', '3', '0', '0', '0', '0', 'Incidunt consequuntur id illum.', null, '2021-03-20 00:08:24', '2021-04-05 05:51:53');
INSERT INTO `topics` VALUES ('55', 'Voluptas sed doloribus iure quis.', 'Sed cupiditate exercitationem et sed. Adipisci rem non laborum dicta enim laboriosam modi veniam. Quo nihil non et libero. Omnis repellat consectetur est qui. Ducimus neque itaque sint sed mollitia.', '2', '2', '0', '0', '0', '0', 'Voluptas sed doloribus iure quis.', null, '2021-03-27 13:46:04', '2021-04-01 21:11:54');
INSERT INTO `topics` VALUES ('56', 'Eum quod quisquam nihil vel quis assumenda provident earum.', 'Incidunt et ut doloribus ut. Earum velit eveniet corporis dolores velit. Non iure ut aperiam adipisci.', '2', '3', '0', '0', '0', '0', 'Eum quod quisquam nihil vel quis assumenda provident earum.', null, '2021-03-29 20:48:01', '2021-04-08 07:28:35');
INSERT INTO `topics` VALUES ('57', 'Rem nostrum dolore ut repellendus.', 'Ut tempore iure modi eveniet enim molestiae. Est odio illum ea nam soluta consequatur culpa cupiditate. Corporis perferendis quo et sapiente est nihil enim.', '6', '2', '0', '0', '0', '0', 'Rem nostrum dolore ut repellendus.', null, '2021-04-01 05:25:35', '2021-04-01 14:16:14');
INSERT INTO `topics` VALUES ('58', 'Libero sed tenetur et laudantium laudantium molestiae.', 'Consequatur ipsum voluptatum quia facere. Nam in excepturi ab sit. Commodi voluptatibus reiciendis dolor dolorem. Et tenetur sapiente sint quia laboriosam.', '2', '4', '0', '0', '0', '0', 'Libero sed tenetur et laudantium laudantium molestiae.', null, '2021-03-13 09:32:09', '2021-03-13 09:33:04');
INSERT INTO `topics` VALUES ('59', 'Amet sunt ullam officia similique dolor debitis quae.', 'Expedita fugiat doloremque adipisci perferendis. Fuga iusto omnis cum saepe. Eligendi dolores illum amet amet impedit qui.', '9', '4', '0', '0', '0', '0', 'Amet sunt ullam officia similique dolor debitis quae.', null, '2021-03-23 02:22:36', '2021-03-29 21:25:01');
INSERT INTO `topics` VALUES ('60', 'Dolores hic rerum quia iusto.', 'Quas rem error aut repellat exercitationem possimus. Alias odio quas dolorem. Laudantium nemo culpa voluptates odit. Quis voluptate omnis nemo.', '9', '3', '0', '0', '0', '0', 'Dolores hic rerum quia iusto.', null, '2021-03-30 14:01:05', '2021-04-01 22:10:16');
INSERT INTO `topics` VALUES ('61', 'Qui saepe facere fugit illo dolorum.', 'Omnis saepe quidem ducimus exercitationem velit illo blanditiis. Et accusamus harum eveniet quasi. Doloremque corrupti voluptatem eaque quam laboriosam. Consequatur saepe consequatur natus facere.', '6', '4', '0', '0', '0', '0', 'Qui saepe facere fugit illo dolorum.', null, '2021-04-04 12:49:53', '2021-04-06 11:38:33');
INSERT INTO `topics` VALUES ('62', 'Voluptatem dolor voluptas doloribus.', 'Neque fuga hic eveniet est rerum rerum. Ut voluptas nisi qui fugiat sunt. Sit aut esse vero reiciendis ut illo.', '5', '4', '0', '0', '0', '0', 'Voluptatem dolor voluptas doloribus.', null, '2021-03-19 16:17:13', '2021-03-20 15:21:50');
INSERT INTO `topics` VALUES ('63', 'Ut non et mollitia quod.', 'Commodi cum nihil non iste nisi. Doloremque eum quod adipisci. Consequatur animi et et libero fugiat enim. Et voluptatem vel error. Non molestias sit eveniet ex nihil.', '8', '1', '0', '0', '0', '0', 'Ut non et mollitia quod.', null, '2021-03-11 10:45:13', '2021-03-12 03:53:30');
INSERT INTO `topics` VALUES ('64', 'Minus eaque deleniti nulla iure.', 'Nobis deleniti dolores ut nesciunt iure consequatur. Corrupti impedit unde magnam. Illum quis vel praesentium enim accusantium dolorem dolore. Officia harum asperiores ipsa nulla.', '1', '1', '0', '0', '0', '0', 'Minus eaque deleniti nulla iure.', null, '2021-03-10 23:17:51', '2021-03-13 21:26:35');
INSERT INTO `topics` VALUES ('65', 'Accusantium quisquam modi fuga in doloribus itaque.', 'Quidem dicta suscipit repellat officia nostrum. Reprehenderit modi magni in error. Expedita aliquam eum voluptas iste sint molestiae quas. Ut aut et dolor.', '9', '1', '0', '0', '0', '0', 'Accusantium quisquam modi fuga in doloribus itaque.', null, '2021-03-17 00:36:12', '2021-03-22 09:46:09');
INSERT INTO `topics` VALUES ('66', 'Aut optio eum rerum.', 'Assumenda nihil soluta voluptatibus sequi voluptatem nobis dolore possimus. Fugiat ad fuga optio quae maxime necessitatibus nihil. Illo laudantium officiis esse aliquam enim.', '9', '2', '0', '0', '0', '0', 'Aut optio eum rerum.', null, '2021-03-11 14:55:29', '2021-03-21 07:03:42');
INSERT INTO `topics` VALUES ('67', 'Quas laudantium quo et qui vitae.', 'Qui voluptas ab consectetur deleniti possimus. Sit saepe harum vel ut. Sint facilis quia qui quo alias delectus dolorem. Ut dolorem optio sunt. Ut impedit sapiente in eos praesentium. Aut id aut qui.', '1', '3', '0', '0', '0', '0', 'Quas laudantium quo et qui vitae.', null, '2021-03-19 15:24:38', '2021-03-21 19:05:28');
INSERT INTO `topics` VALUES ('68', 'Totam maiores architecto ratione est perspiciatis adipisci.', 'Consectetur quis reprehenderit deleniti ut dolor. Consequatur et pariatur modi similique expedita eligendi nostrum. Labore corporis placeat voluptas ipsa et blanditiis nihil.', '4', '3', '0', '0', '0', '0', 'Totam maiores architecto ratione est perspiciatis adipisci.', null, '2021-03-28 21:34:26', '2021-03-30 08:47:06');
INSERT INTO `topics` VALUES ('69', 'Quas vitae illum animi sed.', 'Nam et nemo rerum repellendus. Sit voluptas molestias velit quidem. Eveniet soluta eos voluptatem autem iste ipsa aperiam minima. Saepe earum beatae necessitatibus quia possimus distinctio est.', '7', '4', '0', '0', '0', '0', 'Quas vitae illum animi sed.', null, '2021-03-12 12:34:08', '2021-03-12 20:37:05');
INSERT INTO `topics` VALUES ('71', 'Exercitationem illum perferendis dolorem et iste.', 'Sequi ad assumenda fugiat. Voluptas qui enim perferendis aut aliquam et. Minus cumque non eveniet et dolore facere ut eum. Aperiam natus aperiam aperiam cupiditate aspernatur.', '2', '3', '0', '0', '0', '0', 'Exercitationem illum perferendis dolorem et iste.', null, '2021-03-15 14:41:00', '2021-03-26 03:02:38');
INSERT INTO `topics` VALUES ('72', 'Voluptate tenetur sapiente facere id et.', 'Est optio dolor in vitae nemo est. Omnis accusamus minima quas eos. Ut maiores in distinctio qui velit accusantium qui. Enim fuga ut dignissimos a.', '7', '3', '0', '0', '0', '0', 'Voluptate tenetur sapiente facere id et.', null, '2021-03-25 15:33:01', '2021-03-25 22:59:42');
INSERT INTO `topics` VALUES ('73', 'Dolor saepe ut molestiae.', 'Ut vero rem sint ratione quia. Adipisci eaque beatae sunt suscipit.', '8', '2', '0', '0', '0', '0', 'Dolor saepe ut molestiae.', null, '2021-03-11 02:16:45', '2021-03-18 18:41:39');
INSERT INTO `topics` VALUES ('74', 'Ex quia et cupiditate ratione repellat.', 'Cumque ex laboriosam praesentium saepe architecto. Minima praesentium saepe quo rerum excepturi non vero odio. Voluptatum et accusantium qui error culpa et nisi.', '2', '4', '0', '0', '0', '0', 'Ex quia et cupiditate ratione repellat.', null, '2021-03-25 17:58:55', '2021-03-28 21:48:09');
INSERT INTO `topics` VALUES ('75', 'Id maiores nemo doloremque placeat.', 'Repudiandae quia vitae unde consequatur. Quis voluptatum deleniti totam. Et eveniet ut et eos commodi facere.', '2', '3', '0', '0', '0', '0', 'Id maiores nemo doloremque placeat.', null, '2021-03-14 03:21:21', '2021-04-01 10:33:47');
INSERT INTO `topics` VALUES ('77', 'Blanditiis quo consequuntur sit esse eligendi similique.', 'Praesentium aut error fugiat earum dicta reprehenderit officia amet. Quam ut dolores voluptas sunt facilis laboriosam. Sunt ipsam consequatur tenetur aut. Officiis vel quibusdam et ea provident.', '1', '1', '0', '0', '0', '0', 'Blanditiis quo consequuntur sit esse eligendi similique.', null, '2021-03-11 09:35:36', '2021-03-15 08:08:26');
INSERT INTO `topics` VALUES ('78', 'Ipsum ea magnam quia reprehenderit esse et officiis.', 'Qui cupiditate sed repellat quis. Tempore similique occaecati nam a.', '6', '2', '0', '0', '0', '0', 'Ipsum ea magnam quia reprehenderit esse et officiis.', null, '2021-03-12 02:11:45', '2021-03-12 22:35:36');
INSERT INTO `topics` VALUES ('79', 'Eligendi nihil ea dignissimos et accusantium.', 'Tempore quos error aut dolorem. Et amet distinctio quos ad odit doloremque. Eaque fugit ut molestiae sint ducimus. Nisi fugit voluptas omnis tempora nihil sit.', '4', '4', '0', '0', '0', '0', 'Eligendi nihil ea dignissimos et accusantium.', null, '2021-03-17 01:35:44', '2021-03-24 20:48:53');
INSERT INTO `topics` VALUES ('80', 'Expedita neque reiciendis neque voluptatem.', 'Ullam exercitationem veritatis ut adipisci perspiciatis. Placeat dolor sit reiciendis aut. Explicabo doloribus deleniti autem perspiciatis accusantium fugiat.', '5', '1', '0', '0', '0', '0', 'Expedita neque reiciendis neque voluptatem.', null, '2021-04-02 20:08:16', '2021-04-04 01:15:14');
INSERT INTO `topics` VALUES ('82', 'Et aperiam quis temporibus.', 'Eaque aliquam odio necessitatibus numquam hic dolores. Hic blanditiis ad minus non. Suscipit amet mollitia qui omnis et asperiores. Qui impedit harum temporibus reprehenderit nulla dolore.', '2', '3', '0', '0', '0', '0', 'Et aperiam quis temporibus.', null, '2021-03-11 09:23:14', '2021-03-25 08:29:31');
INSERT INTO `topics` VALUES ('83', 'Fugiat minus cumque quaerat aut nobis nihil est doloremque.', 'Dolorem qui et qui commodi laudantium. Porro accusamus voluptas labore saepe deleniti repudiandae. Necessitatibus est ut voluptatibus aliquid eos. Aut adipisci aperiam similique nostrum consequatur.', '3', '2', '0', '0', '0', '0', 'Fugiat minus cumque quaerat aut nobis nihil est doloremque.', null, '2021-03-22 16:44:17', '2021-04-09 11:20:33');
INSERT INTO `topics` VALUES ('84', 'Omnis repudiandae provident iure eius.', 'Dolores possimus qui dolorem quis. Quia aut ratione voluptatibus illo. Consequatur maiores eius nam pariatur qui non. Ea quo est quis ratione quibusdam eum veritatis.', '7', '4', '0', '0', '0', '0', 'Omnis repudiandae provident iure eius.', null, '2021-03-16 16:42:45', '2021-03-29 14:42:20');
INSERT INTO `topics` VALUES ('85', 'Beatae ea ab est aut temporibus cupiditate.', 'Est id magni et ad. Illum dignissimos quia et rem fugit. Et consectetur ut distinctio et ea est error. Repellendus sequi non repellendus sed saepe vero sapiente.', '5', '2', '0', '0', '0', '0', 'Beatae ea ab est aut temporibus cupiditate.', null, '2021-03-12 09:01:41', '2021-03-19 11:32:23');
INSERT INTO `topics` VALUES ('86', 'Sit sit et minima harum exercitationem omnis.', 'Odio voluptatem voluptatem corporis. Fugit impedit iusto qui. Sed accusamus sed delectus consequatur molestiae. Quo repellendus distinctio illum magni.', '5', '1', '0', '0', '0', '0', 'Sit sit et minima harum exercitationem omnis.', null, '2021-04-04 07:09:35', '2021-04-05 22:24:25');
INSERT INTO `topics` VALUES ('87', 'Nulla qui impedit inventore doloribus nostrum quibusdam libero.', 'Consequatur et itaque a. Corporis sapiente officiis sapiente sed. Culpa omnis voluptates sunt aut facilis.', '3', '3', '0', '0', '0', '0', 'Nulla qui impedit inventore doloribus nostrum quibusdam libero.', null, '2021-03-29 04:11:06', '2021-03-30 22:04:01');
INSERT INTO `topics` VALUES ('88', 'Dolor rerum sit aperiam inventore tenetur.', 'Expedita repellat vel magnam explicabo numquam eligendi expedita quia. Minima distinctio nisi repellendus corporis quo ratione. Nam autem est voluptas labore id.', '8', '4', '0', '0', '0', '0', 'Dolor rerum sit aperiam inventore tenetur.', null, '2021-04-01 23:15:41', '2021-04-06 09:13:53');
INSERT INTO `topics` VALUES ('89', 'Magni rem rerum voluptatum omnis.', 'Natus modi omnis vel sint. Molestiae aut porro officia quisquam quo dicta. Numquam culpa et est. Nam ut est quam et et inventore odit.', '5', '1', '0', '0', '0', '0', 'Magni rem rerum voluptatum omnis.', null, '2021-03-11 22:48:18', '2021-04-07 15:27:52');
INSERT INTO `topics` VALUES ('90', 'Sed voluptatem ab architecto quia maiores explicabo.', 'Nobis eveniet cum nam sunt. Repellendus quaerat ut provident ut temporibus. Voluptatem optio et autem veniam mollitia quia provident. Quisquam ea magnam consequatur numquam.', '9', '2', '0', '0', '0', '0', 'Sed voluptatem ab architecto quia maiores explicabo.', null, '2021-03-11 00:54:08', '2021-03-11 18:22:48');
INSERT INTO `topics` VALUES ('91', 'Aut ut eveniet et omnis.', 'Qui voluptatem id est itaque eveniet ut. Voluptas nobis qui dolorem repellat. Architecto enim recusandae ad libero voluptas. Dolores mollitia in minus quae quia.', '4', '2', '0', '0', '0', '0', 'Aut ut eveniet et omnis.', null, '2021-03-19 00:16:42', '2021-04-04 08:52:07');
INSERT INTO `topics` VALUES ('93', 'Quo molestias sit et vel.', 'Dolorem nesciunt eaque perferendis est deserunt doloremque expedita at. Eos et dicta et ut et dolores. Nisi harum nam fugiat numquam minus. Accusamus atque sint suscipit quia dolorem.', '3', '1', '0', '0', '0', '0', 'Quo molestias sit et vel.', null, '2021-03-18 05:39:47', '2021-03-29 14:41:54');
INSERT INTO `topics` VALUES ('94', 'Totam facilis alias unde omnis dicta.', 'A eos nam dicta cupiditate error corporis accusantium natus. Provident qui maiores commodi asperiores. Qui id nemo aliquam ut ducimus tempora et. Quo fuga praesentium odit accusantium quae quia.', '4', '2', '0', '0', '0', '0', 'Totam facilis alias unde omnis dicta.', null, '2021-03-12 10:47:12', '2021-03-12 21:13:46');
INSERT INTO `topics` VALUES ('95', 'Vero similique facere dolorem accusamus ut repellat incidunt.', 'Et et placeat natus ea. Consequatur qui enim nostrum est. Repellat qui rerum veniam velit. Nemo voluptatem nesciunt provident earum qui necessitatibus.', '3', '3', '0', '0', '0', '0', 'Vero similique facere dolorem accusamus ut repellat incidunt.', null, '2021-03-16 12:07:45', '2021-03-17 04:15:36');
INSERT INTO `topics` VALUES ('97', 'Eius fuga quasi tempora necessitatibus.', 'Est sit nam minus illum accusantium autem sed. Molestias magni molestiae voluptas facere. Repellat ex aut earum. Autem fugiat libero alias eos dolores excepturi qui fuga.', '4', '4', '0', '0', '0', '0', 'Eius fuga quasi tempora necessitatibus.', null, '2021-03-12 03:46:05', '2021-03-15 04:11:09');
INSERT INTO `topics` VALUES ('98', 'Iste sunt sed ipsam.', 'Optio at sunt ab ut perspiciatis. Ipsam ad quia sequi iure. Quo culpa dolorum officiis.', '9', '1', '0', '0', '0', '0', 'Iste sunt sed ipsam.', null, '2021-03-11 18:29:10', '2021-03-23 22:57:09');
INSERT INTO `topics` VALUES ('99', 'Neque nesciunt recusandae facere incidunt.', 'Excepturi harum ut officiis consequatur ut id. Aut quo reiciendis nesciunt harum harum. Perferendis doloremque veniam fugit tempora veniam. Nobis aperiam et dolore corporis.', '7', '3', '0', '0', '0', '0', 'Neque nesciunt recusandae facere incidunt.', null, '2021-03-17 14:22:53', '2021-03-20 07:50:01');
INSERT INTO `topics` VALUES ('100', 'Ut consequuntur doloribus eligendi aliquid iure omnis.', 'Omnis vel minus suscipit cum aut ea. Soluta qui earum deleniti aut officia ut. Nemo repudiandae doloribus neque eum est. Et officiis et ex et modi. Voluptatem iure rerum dolore a.', '7', '4', '0', '0', '0', '0', 'Ut consequuntur doloribus eligendi aliquid iure omnis.', null, '2021-03-24 01:36:03', '2021-03-27 01:19:54');

-- ----------------------------
-- Table structure for users
-- ----------------------------
DROP TABLE IF EXISTS `users`;
CREATE TABLE `users` (
  `id` bigint(20) unsigned NOT NULL AUTO_INCREMENT,
  `name` varchar(255) COLLATE utf8mb4_unicode_ci NOT NULL,
  `email` varchar(255) COLLATE utf8mb4_unicode_ci NOT NULL,
  `email_verified_at` timestamp NULL DEFAULT NULL,
  `password` varchar(255) COLLATE utf8mb4_unicode_ci NOT NULL,
  `remember_token` varchar(100) COLLATE utf8mb4_unicode_ci DEFAULT NULL,
  `created_at` timestamp NULL DEFAULT NULL,
  `updated_at` timestamp NULL DEFAULT NULL,
  `avatar` varchar(255) COLLATE utf8mb4_unicode_ci DEFAULT NULL,
  `introduction` varchar(255) COLLATE utf8mb4_unicode_ci DEFAULT NULL,
  `notification_count` int(10) unsigned NOT NULL DEFAULT '0',
  `last_actived_at` timestamp NULL DEFAULT NULL,
  PRIMARY KEY (`id`),
  UNIQUE KEY `users_email_unique` (`email`)
) ENGINE=InnoDB AUTO_INCREMENT=11 DEFAULT CHARSET=utf8mb4 COLLATE=utf8mb4_unicode_ci;

-- ----------------------------
-- Records of users
-- ----------------------------
INSERT INTO `users` VALUES ('1', 'hyh', 'hyh@hyh.com', '2021-04-10 17:23:43', '$2y$10$TKh8H1.PfQx37YgCzwiKb.KjNyWgaHb9cbcoQgdIVFlYg7B77UdFm', 'qdHRPv8x4KmMqw05fd2X1gIQFxhDhk9ZFxoiyz9ieYTfWWtuPH6X1k2fnMm3', '1984-10-05 08:23:13', '2021-04-12 11:04:17', 'https://cdn.learnku.com/uploads/images/201710/14/1/ZqM7iaP4CR.png', 'Quas velit cumque eius hic nam.', '0', '2021-04-12 10:54:27');
INSERT INTO `users` VALUES ('2', 'Raleigh Kunde', 'eleazar.harber@example.com', '2021-04-10 17:23:43', '$2y$10$TKh8H1.PfQx37YgCzwiKb.KjNyWgaHb9cbcoQgdIVFlYg7B77UdFm', '0DGHoXdrclYxfpzzA8GP1i88BWcdBwuhicAU3REgEQInbgYeoyLPzzhyvlIi', '1972-09-21 22:02:14', '1972-09-21 22:02:14', 'https://cdn.learnku.com/uploads/images/201710/14/1/Lhd1SHqu86.png', 'Ea ad rerum magnam quam dicta cum mollitia.', '0', null);
INSERT INTO `users` VALUES ('3', 'Bobbie Zieme', 'bernhard16@example.com', '2021-04-10 17:23:43', '$2y$10$TKh8H1.PfQx37YgCzwiKb.KjNyWgaHb9cbcoQgdIVFlYg7B77UdFm', 'uQiQERZjdy', '1987-01-14 11:24:24', '1987-01-14 11:24:24', 'https://cdn.learnku.com/uploads/images/201710/14/1/s5ehp11z6s.png', 'Molestiae dicta nam nostrum occaecati.', '0', null);
INSERT INTO `users` VALUES ('4', 'Dr. Wilhelm Krajcik', 'gillian.schuppe@example.com', '2021-04-10 17:23:43', '$2y$10$TKh8H1.PfQx37YgCzwiKb.KjNyWgaHb9cbcoQgdIVFlYg7B77UdFm', 'MoOjaX6N3JvmaVjmUgnrbiFO4XBoNW2k3BUKigwuH4AjCnvPXKBbur54X94D', '1977-01-04 06:12:09', '2021-04-12 11:04:17', 'https://cdn.learnku.com/uploads/images/201710/14/1/s5ehp11z6s.png', 'Eos illum odit occaecati dolorum corporis minus saepe.', '0', '2021-04-12 10:54:28');
INSERT INTO `users` VALUES ('5', 'Vella Osinski', 'usipes@example.org', '2021-04-10 17:23:43', '$2y$10$TKh8H1.PfQx37YgCzwiKb.KjNyWgaHb9cbcoQgdIVFlYg7B77UdFm', 'BEybkGSLQadiZcquKK6OoFtdE4iSb8g7iWI6aHWm9w7kBMbSWmnBawTKaSJL', '1985-12-29 00:52:54', '1985-12-29 00:52:54', 'https://cdn.learnku.com/uploads/images/201710/14/1/NDnzMutoxX.png', 'Consequatur beatae aliquam cum consequatur.', '0', null);
INSERT INTO `users` VALUES ('6', 'Michaela Wisoky', 'rlittel@example.org', '2021-04-10 17:23:43', '$2y$10$TKh8H1.PfQx37YgCzwiKb.KjNyWgaHb9cbcoQgdIVFlYg7B77UdFm', 'MfFWbPaIos', '1985-03-09 00:34:26', '1985-03-09 00:34:26', 'https://cdn.learnku.com/uploads/images/201710/14/1/NDnzMutoxX.png', 'Quo ratione qui non in accusantium illum unde.', '0', null);
INSERT INTO `users` VALUES ('7', 'Reggie Hagenes', 'bgusikowski@example.com', '2021-04-10 17:23:43', '$2y$10$TKh8H1.PfQx37YgCzwiKb.KjNyWgaHb9cbcoQgdIVFlYg7B77UdFm', 'e0XqHlti85', '2011-03-30 23:32:28', '2011-03-30 23:32:28', 'https://cdn.learnku.com/uploads/images/201710/14/1/NDnzMutoxX.png', 'Dignissimos doloremque velit quibusdam voluptatum maxime possimus.', '0', null);
INSERT INTO `users` VALUES ('8', 'Westley Rice III', 'lquigley@example.org', '2021-04-10 17:23:43', '$2y$10$TKh8H1.PfQx37YgCzwiKb.KjNyWgaHb9cbcoQgdIVFlYg7B77UdFm', 'OEI2huhw2NSGrHfEP8uan3T08rZFeSRK5zVZkPYtnzSV6CWjkoSCuQ7wNpx4', '1985-09-23 06:43:24', '2021-04-12 11:04:17', 'https://cdn.learnku.com/uploads/images/201710/14/1/xAuDMxteQy.png', 'Est debitis qui rerum velit doloribus odio.', '0', '2021-04-12 10:54:19');
INSERT INTO `users` VALUES ('9', 'Filomena Krajcik', 'harvey.reba@example.org', '2021-04-10 17:23:43', '$2y$10$TKh8H1.PfQx37YgCzwiKb.KjNyWgaHb9cbcoQgdIVFlYg7B77UdFm', 'KNSF9Xh4nl', '2008-12-14 22:16:50', '2008-12-14 22:16:50', 'https://cdn.learnku.com/uploads/images/201710/14/1/xAuDMxteQy.png', 'Aut nisi et id minus illum.', '0', null);
